-- --------------------------------------------------------
-- Host:                         127.0.0.1
-- Versión del servidor:         10.1.30-MariaDB - mariadb.org binary distribution
-- SO del servidor:              Win32
-- HeidiSQL Versión:             9.4.0.5125
-- --------------------------------------------------------

/*!40101 SET @OLD_CHARACTER_SET_CLIENT=@@CHARACTER_SET_CLIENT */;
/*!40101 SET NAMES utf8 */;
/*!50503 SET NAMES utf8mb4 */;
/*!40014 SET @OLD_FOREIGN_KEY_CHECKS=@@FOREIGN_KEY_CHECKS, FOREIGN_KEY_CHECKS=0 */;
/*!40101 SET @OLD_SQL_MODE=@@SQL_MODE, SQL_MODE='NO_AUTO_VALUE_ON_ZERO' */;

-- Volcando estructura para tabla db_betsson.apuesta
CREATE TABLE IF NOT EXISTS `apuesta` (
  `idApuesta` int(11) NOT NULL AUTO_INCREMENT,
  `cantidad` int(11) DEFAULT NULL,
  `idUsuario` int(11) NOT NULL,
  `idPartido` int(11) NOT NULL,
  `ganancia` float DEFAULT NULL,
  `created_at` timestamp NULL DEFAULT NULL,
  `updated_at` timestamp NULL DEFAULT NULL,
  PRIMARY KEY (`idApuesta`),
  KEY `fk_apuesta_usuario1_idx` (`idUsuario`),
  KEY `fk_apuesta_partido1_idx` (`idPartido`),
  CONSTRAINT `fk_apuesta_partido1` FOREIGN KEY (`idPartido`) REFERENCES `partido` (`idPartido`) ON DELETE NO ACTION ON UPDATE NO ACTION,
  CONSTRAINT `fk_apuesta_usuario1` FOREIGN KEY (`idUsuario`) REFERENCES `usuario` (`idUsuario`) ON DELETE NO ACTION ON UPDATE NO ACTION
) ENGINE=InnoDB DEFAULT CHARSET=utf8 COLLATE=utf8_unicode_ci;

-- Volcando datos para la tabla db_betsson.apuesta: ~0 rows (aproximadamente)
/*!40000 ALTER TABLE `apuesta` DISABLE KEYS */;
/*!40000 ALTER TABLE `apuesta` ENABLE KEYS */;

-- Volcando estructura para tabla db_betsson.equipo
CREATE TABLE IF NOT EXISTS `equipo` (
  `idEquipo` int(11) NOT NULL AUTO_INCREMENT,
  `nombre` varchar(250) COLLATE utf8_unicode_ci DEFAULT NULL,
  `created_at` timestamp NULL DEFAULT NULL,
  `updated_at` timestamp NULL DEFAULT NULL,
  PRIMARY KEY (`idEquipo`),
  UNIQUE KEY `nombre_UNIQUE` (`nombre`)
) ENGINE=InnoDB AUTO_INCREMENT=20 DEFAULT CHARSET=utf8 COLLATE=utf8_unicode_ci;

-- Volcando datos para la tabla db_betsson.equipo: ~19 rows (aproximadamente)
/*!40000 ALTER TABLE `equipo` DISABLE KEYS */;
INSERT INTO `equipo` (`idEquipo`, `nombre`, `created_at`, `updated_at`) VALUES
	(1, 'Alianza', NULL, NULL),
	(2, 'Uniersitario', '2018-07-13 00:09:40', '2018-07-13 00:09:40'),
	(3, NULL, '2018-07-14 08:19:28', '2018-07-14 08:19:28'),
	(4, 'Buriram United', '2018-07-14 08:22:47', '2018-07-14 08:22:47'),
	(5, 'Ubon Umt United', '2018-07-14 08:22:47', '2018-07-14 08:22:47'),
	(6, 'Fulham FC', '2018-07-14 08:22:48', '2018-07-14 08:22:48'),
	(7, 'Reading FC', '2018-07-14 08:22:48', '2018-07-14 08:22:48'),
	(8, 'Oxford City', '2018-07-14 08:22:48', '2018-07-14 08:22:48'),
	(9, 'Oxford United', '2018-07-14 08:22:48', '2018-07-14 08:22:48'),
	(10, 'York City', '2018-07-14 08:28:59', '2018-07-14 08:28:59'),
	(11, 'Bradford City', '2018-07-14 08:28:59', '2018-07-14 08:28:59'),
	(12, 'FC St. Gallen', '2018-07-14 08:28:59', '2018-07-14 08:28:59'),
	(13, 'Brighton Hove Albion FC', '2018-07-14 08:28:59', '2018-07-14 08:28:59'),
	(14, 'MuSa', '2018-07-14 08:28:59', '2018-07-14 08:28:59'),
	(15, 'HJS Akatemia', '2018-07-14 08:29:00', '2018-07-14 08:29:00'),
	(16, 'Umeå FC', '2018-07-14 08:29:00', '2018-07-14 08:29:00'),
	(17, 'Sollentuna FF', '2018-07-14 08:29:00', '2018-07-14 08:29:00'),
	(18, '1. FC Nürnberg Am.', '2018-07-14 08:29:00', '2018-07-14 08:29:00'),
	(19, 'FC Augsburg Am.', '2018-07-14 08:29:00', '2018-07-14 08:29:00'),
	(20, 'Skövde AIK', '2018-07-14 08:35:15', '2018-07-14 08:35:15'),
	(21, 'Åtvidabergs FF', '2018-07-14 08:35:15', '2018-07-14 08:35:15'),
	(22, 'TP', '2018-07-14 08:35:16', '2018-07-14 08:35:16'),
	(23, '47', '2018-07-14 08:35:16', '2018-07-14 08:35:16'),
	(24, 'FC Espoo', '2018-07-14 08:43:16', '2018-07-14 08:43:16'),
	(25, 'GrIFK', '2018-07-14 08:43:16', '2018-07-14 08:43:16'),
	(26, 'FC Augsburg', '2018-07-14 08:43:16', '2018-07-14 08:43:16'),
	(27, 'FC Würzburg Kickers', '2018-07-14 08:43:16', '2018-07-14 08:43:16'),
	(28, 'KäPa', '2018-07-14 08:43:16', '2018-07-14 08:43:16'),
	(29, 'FC Kiffen', '2018-07-14 08:43:16', '2018-07-14 08:43:16'),
	(30, 'JBK', '2018-07-14 08:43:17', '2018-07-14 08:43:17'),
	(31, 'OLS', '2018-07-14 08:43:17', '2018-07-14 08:43:17'),
	(32, '1. FC Magdeburg', '2018-07-14 08:43:17', '2018-07-14 08:43:17'),
	(33, 'Energie Cottbus', '2018-07-14 08:43:17', '2018-07-14 08:43:17'),
	(34, 'Tampere United', '2018-07-14 08:43:17', '2018-07-14 08:43:17'),
	(35, 'VIFK', '2018-07-14 08:43:17', '2018-07-14 08:43:17'),
	(36, 'BSC Young Boys', '2018-07-14 08:43:17', '2018-07-14 08:43:17'),
	(37, 'Wolverhampton Wanderers', '2018-07-14 08:43:17', '2018-07-14 08:43:17'),
	(38, 'Myanmar U19', '2018-07-14 08:43:17', '2018-07-14 08:43:17'),
	(39, 'Malaysia U19', '2018-07-14 08:43:17', '2018-07-14 08:43:17'),
	(40, 'FC Zürich', '2018-07-14 08:43:17', '2018-07-14 08:43:17'),
	(41, 'Atromitos Athens', '2018-07-14 08:43:17', '2018-07-14 08:43:17'),
	(42, 'Bristol City FC', '2018-07-14 08:43:18', '2018-07-14 08:43:18'),
	(43, 'Shrewsbury Town FC', '2018-07-14 08:43:18', '2018-07-14 08:43:18'),
	(44, 'Perak', '2018-07-14 08:43:18', '2018-07-14 08:43:18'),
	(45, 'Pahang', '2018-07-14 08:43:18', '2018-07-14 08:43:18'),
	(46, 'PEC Zwolle', '2018-07-14 08:43:18', '2018-07-14 08:43:18'),
	(47, 'Sbv Excelsior', '2018-07-14 08:43:18', '2018-07-14 08:43:18'),
	(48, 'Kariobangi Sharks', '2018-07-14 08:43:18', '2018-07-14 08:43:18'),
	(49, 'Tusker FC', '2018-07-14 08:43:18', '2018-07-14 08:43:18'),
	(50, 'Ratchaburi FC', '2018-07-14 08:43:18', '2018-07-14 08:43:18'),
	(51, 'Chonburi FC', '2018-07-14 08:43:18', '2018-07-14 08:43:18'),
	(52, 'Neuchatel Xamax Fcs', '2018-07-14 08:43:18', '2018-07-14 08:43:18'),
	(53, 'PSV Eindhoven', '2018-07-14 08:43:18', '2018-07-14 08:43:18'),
	(54, 'Bangkok United', '2018-07-14 08:43:18', '2018-07-14 08:43:18'),
	(55, 'PT Prachuap FC', '2018-07-14 08:43:18', '2018-07-14 08:43:18'),
	(56, 'FK Kaysar', '2018-07-14 08:43:19', '2018-07-14 08:43:19'),
	(57, 'Tobol Kostanay', '2018-07-14 08:43:19', '2018-07-14 08:43:19'),
	(58, 'RW Oberhausen', '2018-07-14 08:43:19', '2018-07-14 08:43:19'),
	(59, 'VfL Osnabrück', '2018-07-14 08:43:19', '2018-07-14 08:43:19'),
	(60, 'Kelantan', '2018-07-14 08:43:19', '2018-07-14 08:43:19'),
	(61, 'Melaka United', '2018-07-14 08:43:19', '2018-07-14 08:43:19'),
	(62, 'Dynamo Dresden', '2018-07-14 08:43:19', '2018-07-14 08:43:19'),
	(63, 'FSV Zwickau', '2018-07-14 08:43:19', '2018-07-14 08:43:19'),
	(64, 'Negeri Sembilan', '2018-07-14 08:43:19', '2018-07-14 08:43:19'),
	(65, 'PKNP FC', '2018-07-14 08:43:19', '2018-07-14 08:43:19'),
	(66, 'PKNS', '2018-07-14 08:43:19', '2018-07-14 08:43:19'),
	(67, 'Terengganu', '2018-07-14 08:43:19', '2018-07-14 08:43:19'),
	(68, 'Wuppertaler SV', '2018-07-14 08:43:19', '2018-07-14 08:43:19'),
	(69, 'VfB 03 Hilden', '2018-07-14 08:43:19', '2018-07-14 08:43:19'),
	(70, 'KMSK Deinze', '2018-07-14 08:43:19', '2018-07-14 08:43:19'),
	(71, 'KV Mechelen', '2018-07-14 08:43:20', '2018-07-14 08:43:20'),
	(72, 'Sutton United', '2018-07-14 08:43:20', '2018-07-14 08:43:20'),
	(73, 'Woking', '2018-07-14 08:43:20', '2018-07-14 08:43:20'),
	(74, 'SSV Ulm 1846', '2018-07-14 08:43:20', '2018-07-14 08:43:20'),
	(75, 'Birmingham City FC', '2018-07-14 08:43:20', '2018-07-14 08:43:20'),
	(76, 'Heracles Almelo', '2018-07-14 08:43:20', '2018-07-14 08:43:20'),
	(77, 'Emmen', '2018-07-14 08:43:20', '2018-07-14 08:43:20'),
	(78, 'Khonkaen F.C.', '2018-07-14 08:43:20', '2018-07-14 08:43:20'),
	(79, 'Nong Bua Pitchaya FC', '2018-07-14 08:43:20', '2018-07-14 08:43:20'),
	(80, 'FC Mariupol', '2018-07-14 08:43:20', '2018-07-14 08:43:20'),
	(81, 'FUS de Rabat', '2018-07-14 08:43:20', '2018-07-14 08:43:20'),
	(82, 'SC Weiche Flensburg 08', '2018-07-14 08:43:20', '2018-07-14 08:43:20'),
	(83, 'Borussia Mönchengladbach', '2018-07-14 08:43:20', '2018-07-14 08:43:20'),
	(84, 'Helsingin Palloseura (HPS) Women', '2018-07-14 08:43:20', '2018-07-14 08:43:20'),
	(85, 'IK Myran Women', '2018-07-14 08:43:20', '2018-07-14 08:43:20'),
	(86, 'TiPS', '2018-07-14 08:43:20', '2018-07-14 08:43:20'),
	(87, 'TPS', '2018-07-14 08:43:20', '2018-07-14 08:43:20'),
	(88, 'Johor Darul Ta zim II', '2018-07-14 08:43:21', '2018-07-14 08:43:21'),
	(89, 'MISC', '2018-07-14 08:43:21', '2018-07-14 08:43:21'),
	(90, 'SSVG Velbert', '2018-07-14 08:43:21', '2018-07-14 08:43:21'),
	(91, 'TUS Erndtebruck', '2018-07-14 08:43:21', '2018-07-14 08:43:21'),
	(92, 'Cardiff Metropolitan', '2018-07-14 08:43:21', '2018-07-14 08:43:21'),
	(93, 'Cinderford Town', '2018-07-14 08:43:21', '2018-07-14 08:43:21'),
	(94, 'Blitar United FC', '2018-07-14 08:43:21', '2018-07-14 08:43:21'),
	(95, 'Persepar Kalteng Putra', '2018-07-14 08:43:21', '2018-07-14 08:43:21'),
	(96, 'Trat FC', '2018-07-14 08:43:21', '2018-07-14 08:43:21'),
	(97, 'Sisaket', '2018-07-14 08:43:21', '2018-07-14 08:43:21'),
	(98, 'TuWe', '2018-07-14 08:43:21', '2018-07-14 08:43:21'),
	(99, 'Keski', '2018-07-14 08:43:21', '2018-07-14 08:43:21'),
	(100, 'Pulau Pinang', '2018-07-14 08:43:21', '2018-07-14 08:43:21'),
	(101, 'Uitm FC', '2018-07-14 08:43:21', '2018-07-14 08:43:21'),
	(102, 'KAMAZ Naberezhnye Chelny', '2018-07-14 08:43:22', '2018-07-14 08:43:22'),
	(103, 'Zenit Izhevsk', '2018-07-14 08:43:22', '2018-07-14 08:43:22'),
	(104, 'AFC Leopards', '2018-07-14 08:43:22', '2018-07-14 08:43:22'),
	(105, 'Bandari FC', '2018-07-14 08:43:22', '2018-07-14 08:43:22'),
	(106, 'Sanat Naft F.C.', '2018-07-14 08:43:22', '2018-07-14 08:43:22'),
	(107, 'Shahrdari Mahshahr FC', '2018-07-14 08:43:22', '2018-07-14 08:43:22'),
	(108, 'FC Viktoria Plzeň', '2018-07-14 08:44:23', '2018-07-14 08:44:23'),
	(109, 'FC Dynamo Kyiv', '2018-07-14 08:44:23', '2018-07-14 08:44:23'),
	(110, 'FC Minsk', '2018-07-14 08:47:46', '2018-07-14 08:47:46'),
	(111, 'Luch Minsk', '2018-07-14 08:47:46', '2018-07-14 08:47:46');
/*!40000 ALTER TABLE `equipo` ENABLE KEYS */;

-- Volcando estructura para tabla db_betsson.partido
CREATE TABLE IF NOT EXISTS `partido` (
  `idPartido` int(11) NOT NULL AUTO_INCREMENT,
  `idEquipoLocal` int(11) NOT NULL,
  `idEquipoVisita` int(11) NOT NULL,
  `minuto` int(11) DEFAULT NULL,
  `gl` int(11) DEFAULT NULL,
  `gv` int(11) DEFAULT NULL,
  `link` varchar(250) COLLATE utf8_unicode_ci DEFAULT NULL,
  `dia` date DEFAULT NULL,
  `created_at` timestamp NULL DEFAULT NULL,
  `updated_at` timestamp NULL DEFAULT NULL,
  `a1` float DEFAULT NULL,
  `a2` float DEFAULT NULL,
  `ax` float DEFAULT NULL,
  `estado` enum('inactivo','jugando','finalizado') COLLATE utf8_unicode_ci DEFAULT 'jugando',
  PRIMARY KEY (`idPartido`),
  UNIQUE KEY `unico` (`dia`,`link`),
  KEY `fk_partido_equipo_idx` (`idEquipoLocal`),
  KEY `fk_partido_equipo1_idx` (`idEquipoVisita`),
  CONSTRAINT `fk_partido_equipo` FOREIGN KEY (`idEquipoLocal`) REFERENCES `equipo` (`idEquipo`) ON DELETE NO ACTION ON UPDATE NO ACTION,
  CONSTRAINT `fk_partido_equipo1` FOREIGN KEY (`idEquipoVisita`) REFERENCES `equipo` (`idEquipo`) ON DELETE NO ACTION ON UPDATE NO ACTION
) ENGINE=InnoDB AUTO_INCREMENT=11 DEFAULT CHARSET=utf8 COLLATE=utf8_unicode_ci;

-- Volcando datos para la tabla db_betsson.partido: ~10 rows (aproximadamente)
/*!40000 ALTER TABLE `partido` DISABLE KEYS */;
INSERT INTO `partido` (`idPartido`, `idEquipoLocal`, `idEquipoVisita`, `minuto`, `gl`, `gv`, `link`, `dia`, `created_at`, `updated_at`, `a1`, `a2`, `ax`, `estado`) VALUES
	(1, 1, 2, 51, 2, 0, 'fb.com', '2018-07-13', '2018-07-13 00:16:15', '2018-07-13 00:27:50', 1.5, 7.5, 3.2, 'jugando'),
	(2, 1, 2, 20, 1, 0, 'fb.com', '2018-07-14', '2018-07-14 06:14:38', '2018-07-14 06:14:38', 1.5, 7.5, 3.2, 'jugando'),
	(3, 4, 5, 88, 2, 1, '/pe/live/futbol/asia/liga-premier-de-taliandia/buriram-united-ubon-umt-united', '2018-07-14', '2018-07-14 08:22:47', '2018-07-14 08:44:45', 1.03, 100, 13, 'jugando'),
	(4, 6, 7, 68, 0, 0, '/pe/live/futbol/amistosos/amistoso-de-clubes/fulham-fc-reading-fc', '2018-07-14', '2018-07-14 08:22:48', '2018-07-14 08:58:45', 2.64, 5.6, 1.85, 'jugando'),
	(5, 8, 9, 86, 1, 5, '/pe/live/futbol/amistosos/amistoso-de-clubes/oxford-city-oxford-united', '2018-07-14', '2018-07-14 08:28:59', '2018-07-14 08:29:28', 500, 1, 500, 'jugando'),
	(6, 10, 11, 89, 1, 0, '/pe/live/futbol/amistosos/amistoso-de-clubes/york-city-bradford-city', '2018-07-14', '2018-07-14 08:28:59', '2018-07-14 08:47:45', 1.03, 230, 14, 'jugando'),
	(7, 12, 13, 88, 1, 1, '/pe/live/futbol/amistosos/amistoso-de-clubes/fc-st-gallen-brighton-hove-albion-fc', '2018-07-14', '2018-07-14 08:28:59', '2018-07-14 08:44:17', 8, 10, 1.15, 'jugando'),
	(8, 14, 15, 91, 3, 1, '/pe/live/futbol/finlandia/finlandia-2da-division-b/musa-hjs-akatemia', '2018-07-14', '2018-07-14 08:29:00', '2018-07-14 08:47:15', 1, 220, 240, 'jugando'),
	(9, 16, 17, 45, 2, 0, '/pe/live/futbol/suecia/1o-div-norra-suecia/umea-fc-sollentuna-ff', '2018-07-14', '2018-07-14 08:29:00', '2018-07-14 08:58:45', 1.02, 55, 17.5, 'jugando'),
	(10, 18, 19, 92, 2, 1, '/pe/live/futbol/alemania/german-regionalliga-bayern/1-fc-nurnberg-am-fc-augsburg-am', '2018-07-14', '2018-07-14 08:29:00', '2018-07-14 08:49:45', 1.01, 350, 37, 'jugando'),
	(11, 20, 21, 88, 1, 0, '/pe/live/futbol/suecia/1o-div-sodra-suecia/skovde-aik-atvidabergs-ff', '2018-07-14', '2018-07-14 08:35:15', '2018-07-14 08:43:46', 1.08, 70, 8, 'jugando'),
	(12, 22, 23, 92, 0, 2, '/pe/live/futbol/finlandia/finlandia-2da-division-c/tp-47-gbk', '2018-07-14', '2018-07-14 08:35:16', '2018-07-14 08:53:15', 53, 230, 1, 'jugando'),
	(13, 24, 25, 88, 2, 0, '/pe/live/futbol/finlandia/finlandia-2da-division-b/fc-espoo-grifk', '2018-07-14', '2018-07-14 08:43:16', '2018-07-14 08:45:15', 1.01, 350, 48, 'jugando'),
	(14, 26, 27, 70, 2, 0, '/pe/live/futbol/amistosos/amistoso-de-clubes/fc-augsburg-fc-wurzburg-kickers', '2018-07-14', '2018-07-14 08:43:16', '2018-07-14 08:58:45', 1.01, 110, 32, 'jugando'),
	(15, 28, 29, 92, 1, 1, '/pe/live/futbol/finlandia/finlandia-2da-division-b/kapa-fc-kiffen', '2018-07-14', '2018-07-14 08:43:16', '2018-07-14 08:54:46', 100, 110, 1, 'jugando'),
	(16, 30, 31, 88, 1, 0, '/pe/live/futbol/finlandia/finlandia-2da-division-c/jbk-ols', '2018-07-14', '2018-07-14 08:43:17', '2018-07-14 08:46:47', 1.07, 75, 8.6, 'jugando'),
	(17, 32, 33, 88, 3, 1, '/pe/live/futbol/amistosos/amistoso-de-clubes/1-fc-magdeburg-energie-cottbus', '2018-07-14', '2018-07-14 08:43:17', '2018-07-14 08:45:17', 1.01, 500, 70, 'jugando'),
	(18, 34, 35, 92, 1, 1, '/pe/live/futbol/finlandia/finlandia-2da-division-c/tampere-united-vifk', '2018-07-14', '2018-07-14 08:43:17', '2018-07-14 08:52:16', 80, 130, 1, 'jugando'),
	(19, 36, 37, 45, 0, 2, '/pe/live/futbol/amistosos/amistoso-de-clubes/bsc-young-boys-wolverhampton-wanderers', '2018-07-14', '2018-07-14 08:43:17', '2018-07-14 08:58:46', 20, 1.1, 8.4, 'jugando'),
	(20, 38, 39, 93, 3, 4, '/pe/live/futbol/internacionales/aff-championship-u19/myanmar-u19-malaysia-u19', '2018-07-14', '2018-07-14 08:43:17', '2018-07-14 08:51:46', 39, 1.01, 28, 'jugando'),
	(21, 40, 41, 91, 0, 0, '/pe/live/futbol/amistosos/amistoso-de-clubes/fc-zurich-atromitos-athens', '2018-07-14', '2018-07-14 08:43:17', '2018-07-14 08:48:46', 27, 60, 1.02, 'jugando'),
	(22, 42, 43, 89, 1, 1, '/pe/live/futbol/amistosos/amistoso-de-clubes/bristol-city-fc-shrewsbury-town-fc', '2018-07-14', '2018-07-14 08:43:18', '2018-07-14 08:50:17', 15, 29, 1.05, 'jugando'),
	(23, 44, 45, 45, 1, 1, '/pe/live/futbol/asia/super-liga-malasia/perak-pahang', '2018-07-14', '2018-07-14 08:43:18', '2018-07-14 08:58:46', 2.05, 3.5, 2.96, 'jugando'),
	(24, 46, 47, 89, 5, 0, '/pe/live/futbol/amistosos/amistoso-de-clubes/pec-zwolle-sbv-excelsior', '2018-07-14', '2018-07-14 08:43:18', '2018-07-14 08:47:47', 5.7, 1, 1.1, 'jugando'),
	(25, 48, 49, 88, 5, 2, '/pe/live/futbol/africa/kenya-football/kariobangi-sharks-tusker-fc', '2018-07-14', '2018-07-14 08:43:18', '2018-07-14 08:44:48', 1.02, 500, 320, 'jugando'),
	(26, 50, 51, 88, 1, 1, '/pe/live/futbol/asia/liga-premier-de-taliandia/ratchaburi-fc-chonburi-fc', '2018-07-14', '2018-07-14 08:43:18', '2018-07-14 08:45:47', 7, 7.2, 1.22, 'jugando'),
	(27, 52, 53, 45, 0, 1, '/pe/live/futbol/amistosos/amistoso-de-clubes/neuchatel-xamax-fcs-psv-eindhoven', '2018-07-14', '2018-07-14 08:43:18', '2018-07-14 08:58:46', 9, 1.35, 4, 'jugando'),
	(28, 54, 55, 45, 0, 0, '/pe/live/futbol/asia/liga-premier-de-taliandia/bangkok-united-pt-prachuap-fc', '2018-07-14', '2018-07-14 08:43:18', '2018-07-14 08:56:46', 1.92, 4.55, 2.68, 'jugando'),
	(29, 56, 57, 45, 0, 1, '/pe/live/futbol/asia/premier-league-kazajstan/fk-kaysar-tobol-kostanay', '2018-07-14', '2018-07-14 08:43:19', '2018-07-14 08:58:46', 12.5, 1.28, 4.1, 'jugando'),
	(30, 58, 59, 91, 1, 2, '/pe/live/futbol/amistosos/amistoso-de-clubes/rw-oberhausen-vfl-osnabruck', '2018-07-14', '2018-07-14 08:43:19', '2018-07-14 08:50:17', 290, 1.01, 35, 'jugando'),
	(31, 60, 61, 45, 1, 0, '/pe/live/futbol/asia/super-liga-malasia/kelantan-melaka-united', '2018-07-14', '2018-07-14 08:43:19', '2018-07-14 08:58:47', 1.43, 6.6, 3.85, 'jugando'),
	(32, 62, 63, 45, 1, 0, '/pe/live/futbol/amistosos/amistoso-de-clubes/dynamo-dresden-fsv-zwickau', '2018-07-14', '2018-07-14 08:43:19', '2018-07-14 08:58:47', 1.14, 19, 6, 'jugando'),
	(33, 64, 65, 45, 0, 0, '/pe/live/futbol/asia/super-liga-malasia/negeri-sembilan-pknp-fc', '2018-07-14', '2018-07-14 08:43:19', '2018-07-14 08:54:17', 2.78, 2.78, 2.54, 'jugando'),
	(34, 66, 67, 45, 2, 0, '/pe/live/futbol/asia/super-liga-malasia/pkns-terengganu', '2018-07-14', '2018-07-14 08:43:19', '2018-07-14 08:58:46', 1.02, 80, 21, 'jugando'),
	(35, 68, 69, 90, 2, 0, '/pe/live/futbol/amistosos/amistoso-de-clubes/wuppertaler-sv-vfb-03-hilden', '2018-07-14', '2018-07-14 08:43:19', '2018-07-14 08:49:47', 1, 220, 240, 'jugando'),
	(36, 70, 71, 90, 1, 2, '/pe/live/futbol/amistosos/amistoso-de-clubes/kmsk-deinze-kv-mechelen', '2018-07-14', '2018-07-14 08:43:20', '2018-07-14 08:46:18', 270, 1.01, 36, 'jugando'),
	(37, 72, 73, 73, 0, 0, '/pe/live/futbol/amistosos/amistoso-de-clubes/sutton-united-woking', '2018-07-14', '2018-07-14 08:43:20', '2018-07-14 08:58:46', 2.9, 5.9, 1.7, 'jugando'),
	(38, 74, 75, 89, 1, 1, '/pe/live/futbol/amistosos/amistoso-de-clubes/ssv-ulm-1846-birmingham-city-fc', '2018-07-14', '2018-07-14 08:43:20', '2018-07-14 08:52:17', 24, 15, 1.05, 'jugando'),
	(39, 76, 77, 68, 0, 0, '/pe/live/futbol/amistosos/amistoso-de-clubes/heracles-almelo-emmen', '2018-07-14', '2018-07-14 08:43:20', '2018-07-14 08:58:46', 3.2, 4.1, 1.8, 'jugando'),
	(40, 78, 79, 88, 3, 0, '/pe/live/futbol/asia/thailand-football/khonkaen-fc-nong-bua-pitchaya-fc', '2018-07-14', '2018-07-14 08:43:20', '2018-07-14 08:45:51', 1.02, 500, 500, 'jugando'),
	(41, 80, 81, 47, 0, 1, '/pe/live/futbol/amistosos/amistoso-de-clubes/fc-mariupol-fus-de-rabat', '2018-07-14', '2018-07-14 08:43:20', '2018-07-14 08:58:47', 5, 1.68, 3.25, 'jugando'),
	(42, 82, 83, 89, 0, 4, '/pe/live/futbol/amistosos/amistoso-de-clubes/sc-weiche-flensburg-08-borussia-monchengladbach', '2018-07-14', '2018-07-14 08:43:20', '2018-07-14 08:46:19', 220, 1, 240, 'jugando'),
	(43, 84, 85, 89, 3, 0, '/pe/live/futbol/finlandia/finland-naisten-ykkonen-women/helsingin-palloseura-hps-women-ik-myran-women', '2018-07-14', '2018-07-14 08:43:20', '2018-07-14 08:46:19', 1, 220, 260, 'jugando'),
	(44, 86, 87, 45, 1, 0, '/pe/live/futbol/finlandia/naistenliiga-femenino/tips-tps', '2018-07-14', '2018-07-14 08:43:21', '2018-07-14 08:58:47', 1.81, 3.8, 3.4, 'jugando'),
	(45, 88, 89, 45, 0, 0, '/pe/live/futbol/asia/malaysia-football/johor-darul-ta-zim-ii-misc-mifa', '2018-07-14', '2018-07-14 08:43:21', '2018-07-14 08:57:47', 1.81, 4.85, 2.83, 'jugando'),
	(46, 90, 91, 45, 0, 1, '/pe/live/futbol/amistosos/amistoso-de-clubes/ssvg-velbert-tus-erndtebruck', '2018-07-14', '2018-07-14 08:43:21', '2018-07-14 08:58:47', 5.4, 1.52, 3.75, 'jugando'),
	(47, 92, 93, 25, 1, 0, '/pe/live/futbol/amistosos/amistoso-de-clubes/cardiff-metropolitan-cinderford-town', '2018-07-14', '2018-07-14 08:43:21', '2018-07-14 08:58:47', 1.15, 13.5, 6.6, 'jugando'),
	(48, 94, 95, 88, 1, 1, '/pe/live/futbol/asia/indonesia-football/blitar-united-fc-persepar-kalteng-putra', '2018-07-14', '2018-07-14 08:43:21', '2018-07-14 08:49:19', 5.4, 11.5, 1.2, 'jugando'),
	(49, 96, 97, 45, 0, 0, '/pe/live/futbol/asia/thailand-football/trat-fc-sisaket', '2018-07-14', '2018-07-14 08:43:21', '2018-07-14 08:58:47', 2.4, 3.65, 2.45, 'jugando'),
	(50, 98, 99, 92, 0, 2, '/pe/live/futbol/finlandia/finland-naisten-ykkonen-women/tuwe-keski-uusimaa', '2018-07-14', '2018-07-14 08:43:21', '2018-07-14 08:46:50', 23, 240, 1.01, 'jugando'),
	(51, 100, 101, 45, 0, 0, '/pe/live/futbol/asia/malaysia-football/pulau-pinang-uitm-fc', '2018-07-14', '2018-07-14 08:43:21', '2018-07-14 08:58:48', 2.31, 3.7, 2.44, 'jugando'),
	(52, 102, 103, 44, 0, 1, '/pe/live/futbol/amistosos/amistoso-de-clubes/kamaz-naberezhnye-chelny-zenit-izhevsk', '2018-07-14', '2018-07-14 08:43:22', '2018-07-14 08:58:48', 7.2, 1.48, 3.55, 'jugando'),
	(53, 104, 105, 42, 0, 0, '/pe/live/futbol/africa/kenya-football/afc-leopards-bandari-fc', '2018-07-14', '2018-07-14 08:43:22', '2018-07-14 08:58:47', 2.85, 3.35, 2.16, 'jugando'),
	(54, 106, 107, 17, 0, 0, '/pe/live/futbol/amistosos/amistoso-de-clubes/sanat-naft-fc-shahrdari-mahshahr-fc', '2018-07-14', '2018-07-14 08:43:22', '2018-07-14 08:58:48', 1.8, 4.3, 3.2, 'jugando'),
	(55, 108, 109, 26, 0, 0, '/pe/live/futbol/amistosos/amistoso-de-clubes/fc-viktoria-plzen-fc-dynamo-kyiv', '2018-07-14', '2018-07-14 08:44:23', '2018-07-14 08:58:47', 2.74, 2.46, 2.91, 'jugando'),
	(56, 110, 111, 11, 0, 0, '/pe/live/futbol/otras-ligas-europa/liga-premier-bielorrusia/fc-minsk-luch-minsk', '2018-07-14', '2018-07-14 08:47:46', '2018-07-14 08:58:46', 1.94, 3.95, 2.89, 'jugando');
/*!40000 ALTER TABLE `partido` ENABLE KEYS */;

-- Volcando estructura para tabla db_betsson.partido_evento
CREATE TABLE IF NOT EXISTS `partido_evento` (
  `idPartidoEvento` int(11) NOT NULL AUTO_INCREMENT,
  `idPartido` int(11) NOT NULL,
  `minuto` int(11) DEFAULT NULL,
  `gl` int(11) DEFAULT NULL,
  `gv` int(11) DEFAULT NULL,
  `a1` float DEFAULT NULL,
  `ax` float DEFAULT NULL,
  `a2` float DEFAULT NULL,
  `created_at` timestamp NULL DEFAULT NULL,
  `updated_at` timestamp NULL DEFAULT NULL,
  PRIMARY KEY (`idPartidoEvento`),
  KEY `fk_partido_evento_partido1_idx` (`idPartido`),
  CONSTRAINT `fk_partido_evento_partido1` FOREIGN KEY (`idPartido`) REFERENCES `partido` (`idPartido`) ON DELETE NO ACTION ON UPDATE NO ACTION
) ENGINE=InnoDB AUTO_INCREMENT=588 DEFAULT CHARSET=utf8 COLLATE=utf8_unicode_ci;

-- Volcando datos para la tabla db_betsson.partido_evento: ~19 rows (aproximadamente)
/*!40000 ALTER TABLE `partido_evento` DISABLE KEYS */;
INSERT INTO `partido_evento` (`idPartidoEvento`, `idPartido`, `minuto`, `gl`, `gv`, `a1`, `ax`, `a2`, `created_at`, `updated_at`) VALUES
	(1, 1, 10, 0, 0, 1.5, 3.2, 7.5, '2018-07-13 00:26:28', '2018-07-13 00:26:28'),
	(2, 2, 20, 1, 0, 1.5, 3.2, 7.5, '2018-07-14 06:14:38', '2018-07-14 06:14:38'),
	(3, 2, 20, 1, 0, 1.5, 3.2, 7.5, '2018-07-14 08:07:06', '2018-07-14 08:07:06'),
	(4, 2, 20, 1, 0, 1.5, 3.2, 7.5, '2018-07-14 08:14:58', '2018-07-14 08:14:58'),
	(5, 3, 58, 2, 1, 1.08, 8.2, 34, '2018-07-14 08:22:48', '2018-07-14 08:22:48'),
	(6, 4, 42, 0, 0, 2.2, 2.59, 3.85, '2018-07-14 08:22:48', '2018-07-14 08:22:48'),
	(7, 3, 58, 2, 1, 1.08, 8.2, 34, '2018-07-14 08:28:01', '2018-07-14 08:28:01'),
	(8, 3, 58, 2, 1, 1.08, 8.2, 34, '2018-07-14 08:28:59', '2018-07-14 08:28:59'),
	(9, 5, 86, 1, 5, 500, 500, 1, '2018-07-14 08:28:59', '2018-07-14 08:28:59'),
	(10, 6, 57, 0, 0, 3.65, 2.04, 2.87, '2018-07-14 08:28:59', '2018-07-14 08:28:59'),
	(11, 7, 59, 1, 1, 2.9, 2.15, 3.5, '2018-07-14 08:28:59', '2018-07-14 08:28:59'),
	(12, 8, 59, 2, 1, 1.08, 7.4, 43, '2018-07-14 08:29:00', '2018-07-14 08:29:00'),
	(13, 9, 15, 2, 0, 1.04, 14, 34, '2018-07-14 08:29:00', '2018-07-14 08:29:00'),
	(14, 10, 57, 2, 0, 1.06, 10, 42, '2018-07-14 08:29:00', '2018-07-14 08:29:00'),
	(15, 3, 58, 2, 1, 1.08, 8.2, 34, '2018-07-14 08:29:28', '2018-07-14 08:29:28'),
	(16, 5, 86, 1, 5, 500, 500, 1, '2018-07-14 08:29:28', '2018-07-14 08:29:28'),
	(17, 8, 59, 2, 1, 1.08, 7.4, 43, '2018-07-14 08:29:28', '2018-07-14 08:29:28'),
	(18, 9, 15, 2, 0, 1.04, 14, 34, '2018-07-14 08:29:28', '2018-07-14 08:29:28'),
	(19, 10, 57, 2, 0, 1.06, 10, 42, '2018-07-14 08:29:28', '2018-07-14 08:29:28'),
	(20, 3, 77, 2, 1, 1.07, 8.4, 50, '2018-07-14 08:34:05', '2018-07-14 08:34:05'),
	(21, 3, 78, 2, 1, 1.07, 8.5, 55, '2018-07-14 08:35:15', '2018-07-14 08:35:15'),
	(22, 10, 77, 2, 1, 1.19, 4.75, 28, '2018-07-14 08:35:15', '2018-07-14 08:35:15'),
	(23, 11, 79, 1, 0, 1.17, 5, 25, '2018-07-14 08:35:15', '2018-07-14 08:35:15'),
	(24, 9, 35, 2, 0, 1.02, 17, 48, '2018-07-14 08:35:16', '2018-07-14 08:35:16'),
	(25, 8, 79, 3, 1, 1, 90, 250, '2018-07-14 08:35:16', '2018-07-14 08:35:16'),
	(26, 12, 77, 0, 2, 260, 53, 1, '2018-07-14 08:35:16', '2018-07-14 08:35:16'),
	(27, 3, 86, 2, 1, 1.04, 12, 95, '2018-07-14 08:43:15', '2018-07-14 08:43:15'),
	(28, 10, 85, 2, 1, 1.11, 6, 65, '2018-07-14 08:43:16', '2018-07-14 08:43:16'),
	(29, 11, 87, 1, 0, 1.08, 7.6, 60, '2018-07-14 08:43:16', '2018-07-14 08:43:16'),
	(30, 9, 43, 2, 0, 1.02, 18, 55, '2018-07-14 08:43:16', '2018-07-14 08:43:16'),
	(31, 8, 87, 3, 1, 1, 190, 260, '2018-07-14 08:43:16', '2018-07-14 08:43:16'),
	(32, 13, 86, 2, 0, 1.01, 35, 190, '2018-07-14 08:43:16', '2018-07-14 08:43:16'),
	(33, 12, 84, 0, 2, 250, 100, 1, '2018-07-14 08:43:16', '2018-07-14 08:43:16'),
	(34, 14, 55, 1, 0, 1.14, 5.8, 22, '2018-07-14 08:43:16', '2018-07-14 08:43:16'),
	(35, 15, 84, 1, 1, 5.8, 1.25, 7.2, '2018-07-14 08:43:17', '2018-07-14 08:43:17'),
	(36, 16, 84, 1, 0, 1.1, 6.8, 45, '2018-07-14 08:43:17', '2018-07-14 08:43:17'),
	(37, 17, 86, 3, 1, 1.01, 50, 380, '2018-07-14 08:43:17', '2018-07-14 08:43:17'),
	(38, 18, 85, 1, 0, 1.05, 9.6, 130, '2018-07-14 08:43:17', '2018-07-14 08:43:17'),
	(39, 19, 41, 0, 2, 18.5, 8, 1.11, '2018-07-14 08:43:17', '2018-07-14 08:43:17'),
	(40, 20, 85, 3, 3, 5.1, 1.31, 6.6, '2018-07-14 08:43:17', '2018-07-14 08:43:17'),
	(41, 21, 86, 0, 0, 6, 1.16, 16, '2018-07-14 08:43:18', '2018-07-14 08:43:18'),
	(42, 22, 82, 1, 1, 5.5, 1.23, 11, '2018-07-14 08:43:18', '2018-07-14 08:43:18'),
	(43, 23, 41, 1, 1, 1.98, 3.2, 3.4, '2018-07-14 08:43:18', '2018-07-14 08:43:18'),
	(44, 24, 85, 5, 0, 1, 240, 220, '2018-07-14 08:43:18', '2018-07-14 08:43:18'),
	(45, 25, 86, 5, 2, 1.02, 170, 500, '2018-07-14 08:43:18', '2018-07-14 08:43:18'),
	(46, 26, 85, 1, 1, 5.7, 1.32, 5.8, '2018-07-14 08:43:18', '2018-07-14 08:43:18'),
	(47, 27, 42, 0, 1, 8.8, 4, 1.36, '2018-07-14 08:43:18', '2018-07-14 08:43:18'),
	(48, 28, 42, 0, 0, 1.93, 2.76, 4.3, '2018-07-14 08:43:18', '2018-07-14 08:43:18'),
	(49, 29, 43, 0, 1, 11.5, 4.1, 1.3, '2018-07-14 08:43:19', '2018-07-14 08:43:19'),
	(50, 30, 84, 1, 2, 85, 7, 1.08, '2018-07-14 08:43:19', '2018-07-14 08:43:19'),
	(51, 31, 38, 1, 0, 1.45, 3.85, 6.2, '2018-07-14 08:43:19', '2018-07-14 08:43:19'),
	(52, 32, 41, 1, 0, 1.18, 5.5, 14.5, '2018-07-14 08:43:19', '2018-07-14 08:43:19'),
	(53, 33, 41, 0, 0, 2.74, 2.79, 2.56, '2018-07-14 08:43:19', '2018-07-14 08:43:19'),
	(54, 34, 42, 2, 0, 1.03, 19, 70, '2018-07-14 08:43:19', '2018-07-14 08:43:19'),
	(55, 35, 83, 1, 0, 1.03, 12, 150, '2018-07-14 08:43:19', '2018-07-14 08:43:19'),
	(56, 36, 87, 1, 2, 260, 19, 1.02, '2018-07-14 08:43:20', '2018-07-14 08:43:20'),
	(57, 37, 58, 0, 0, 2.15, 2.3, 4.9, '2018-07-14 08:43:20', '2018-07-14 08:43:20'),
	(58, 38, 80, 1, 1, 7, 1.31, 4.9, '2018-07-14 08:43:20', '2018-07-14 08:43:20'),
	(59, 39, 52, 0, 0, 2.7, 2.25, 3.35, '2018-07-14 08:43:20', '2018-07-14 08:43:20'),
	(60, 40, 85, 3, 0, 1.02, 340, 500, '2018-07-14 08:43:20', '2018-07-14 08:43:20'),
	(61, 41, 44, 0, 1, 4.5, 3.25, 1.75, '2018-07-14 08:43:20', '2018-07-14 08:43:20'),
	(62, 42, 86, 0, 4, 220, 240, 1, '2018-07-14 08:43:20', '2018-07-14 08:43:20'),
	(63, 43, 86, 3, 0, 1, 240, 210, '2018-07-14 08:43:20', '2018-07-14 08:43:20'),
	(64, 44, 42, 1, 0, 1.8, 3.45, 3.75, '2018-07-14 08:43:21', '2018-07-14 08:43:21'),
	(65, 45, 40, 0, 0, 1.85, 2.91, 4.4, '2018-07-14 08:43:21', '2018-07-14 08:43:21'),
	(66, 46, 39, 0, 1, 4.95, 3.8, 1.55, '2018-07-14 08:43:21', '2018-07-14 08:43:21'),
	(67, 47, 10, 0, 0, 1.85, 3.8, 3.45, '2018-07-14 08:43:21', '2018-07-14 08:43:21'),
	(68, 48, 82, 1, 1, 3.45, 1.45, 8, '2018-07-14 08:43:21', '2018-07-14 08:43:21'),
	(69, 49, 43, 0, 0, 2.35, 2.55, 3.5, '2018-07-14 08:43:21', '2018-07-14 08:43:21'),
	(70, 50, 88, 0, 2, 260, 130, 1, '2018-07-14 08:43:21', '2018-07-14 08:43:21'),
	(71, 51, 39, 0, 0, 2.22, 2.63, 3.5, '2018-07-14 08:43:22', '2018-07-14 08:43:22'),
	(72, 52, 28, 0, 1, 6.2, 3.65, 1.5, '2018-07-14 08:43:22', '2018-07-14 08:43:22'),
	(73, 53, 26, 0, 0, 2.66, 2.38, 3.15, '2018-07-14 08:43:22', '2018-07-14 08:43:22'),
	(74, 54, 1, 0, 0, 2.6, 3.05, 2.6, '2018-07-14 08:43:22', '2018-07-14 08:43:22'),
	(75, 3, 87, 2, 1, 1.04, 12, 95, '2018-07-14 08:43:45', '2018-07-14 08:43:45'),
	(76, 10, 86, 2, 1, 1.1, 6.4, 75, '2018-07-14 08:43:46', '2018-07-14 08:43:46'),
	(77, 11, 88, 1, 0, 1.08, 8, 70, '2018-07-14 08:43:46', '2018-07-14 08:43:46'),
	(78, 9, 43, 2, 0, 1.02, 18, 55, '2018-07-14 08:43:46', '2018-07-14 08:43:46'),
	(79, 8, 87, 3, 1, 1, 190, 260, '2018-07-14 08:43:46', '2018-07-14 08:43:46'),
	(80, 13, 86, 2, 0, 1.01, 36, 220, '2018-07-14 08:43:46', '2018-07-14 08:43:46'),
	(81, 12, 84, 0, 2, 250, 100, 1, '2018-07-14 08:43:46', '2018-07-14 08:43:46'),
	(82, 14, 55, 1, 0, 1.14, 5.8, 22, '2018-07-14 08:43:46', '2018-07-14 08:43:46'),
	(83, 16, 85, 1, 0, 1.1, 6.8, 46, '2018-07-14 08:43:46', '2018-07-14 08:43:46'),
	(84, 17, 86, 3, 1, 1.01, 55, 420, '2018-07-14 08:43:46', '2018-07-14 08:43:46'),
	(85, 18, 86, 1, 0, 1.04, 10, 140, '2018-07-14 08:43:47', '2018-07-14 08:43:47'),
	(86, 19, 41, 0, 2, 18.5, 8, 1.1, '2018-07-14 08:43:47', '2018-07-14 08:43:47'),
	(87, 24, 85, 5, 0, 1, 240, 220, '2018-07-14 08:43:47', '2018-07-14 08:43:47'),
	(88, 25, 86, 5, 2, 1.02, 220, 500, '2018-07-14 08:43:47', '2018-07-14 08:43:47'),
	(89, 27, 43, 0, 1, 8.8, 4, 1.36, '2018-07-14 08:43:48', '2018-07-14 08:43:48'),
	(90, 29, 43, 0, 1, 12, 4, 1.3, '2018-07-14 08:43:48', '2018-07-14 08:43:48'),
	(91, 30, 84, 1, 2, 95, 7.4, 1.07, '2018-07-14 08:43:48', '2018-07-14 08:43:48'),
	(92, 31, 38, 1, 0, 1.45, 3.85, 6.2, '2018-07-14 08:43:49', '2018-07-14 08:43:49'),
	(93, 32, 41, 1, 0, 1.18, 5.5, 14.5, '2018-07-14 08:43:49', '2018-07-14 08:43:49'),
	(94, 34, 43, 2, 0, 1.03, 19, 70, '2018-07-14 08:43:49', '2018-07-14 08:43:49'),
	(95, 35, 84, 1, 0, 1.03, 13, 160, '2018-07-14 08:43:49', '2018-07-14 08:43:49'),
	(96, 36, 87, 1, 2, 260, 19, 1.02, '2018-07-14 08:43:49', '2018-07-14 08:43:49'),
	(97, 40, 86, 3, 0, 1.02, 380, 500, '2018-07-14 08:43:50', '2018-07-14 08:43:50'),
	(98, 41, 44, 0, 1, 4.5, 3.3, 1.75, '2018-07-14 08:43:50', '2018-07-14 08:43:50'),
	(99, 42, 86, 0, 4, 220, 240, 1, '2018-07-14 08:43:50', '2018-07-14 08:43:50'),
	(100, 43, 87, 3, 0, 1, 250, 210, '2018-07-14 08:43:50', '2018-07-14 08:43:50'),
	(101, 44, 42, 1, 0, 1.79, 3.5, 3.75, '2018-07-14 08:43:50', '2018-07-14 08:43:50'),
	(102, 46, 39, 0, 1, 4.95, 3.8, 1.55, '2018-07-14 08:43:50', '2018-07-14 08:43:50'),
	(103, 50, 89, 0, 2, 260, 150, 1, '2018-07-14 08:43:50', '2018-07-14 08:43:50'),
	(104, 52, 29, 0, 1, 5.8, 3.55, 1.55, '2018-07-14 08:43:51', '2018-07-14 08:43:51'),
	(105, 3, 87, 2, 1, 1.03, 12.5, 100, '2018-07-14 08:44:16', '2018-07-14 08:44:16'),
	(106, 10, 86, 2, 1, 1.09, 6.8, 85, '2018-07-14 08:44:17', '2018-07-14 08:44:17'),
	(107, 9, 44, 2, 0, 1.02, 18, 55, '2018-07-14 08:44:17', '2018-07-14 08:44:17'),
	(108, 8, 89, 3, 1, 1, 220, 210, '2018-07-14 08:44:17', '2018-07-14 08:44:17'),
	(109, 13, 86, 2, 0, 1.01, 40, 250, '2018-07-14 08:44:17', '2018-07-14 08:44:17'),
	(110, 12, 85, 0, 2, 260, 110, 1, '2018-07-14 08:44:17', '2018-07-14 08:44:17'),
	(111, 14, 56, 2, 0, 1.01, 22, 80, '2018-07-14 08:44:17', '2018-07-14 08:44:17'),
	(112, 16, 85, 1, 0, 1.1, 7, 50, '2018-07-14 08:44:18', '2018-07-14 08:44:18'),
	(113, 17, 87, 3, 1, 1.01, 60, 480, '2018-07-14 08:44:18', '2018-07-14 08:44:18'),
	(114, 18, 86, 1, 0, 1.04, 10, 140, '2018-07-14 08:44:18', '2018-07-14 08:44:18'),
	(115, 19, 42, 0, 2, 19, 8, 1.1, '2018-07-14 08:44:18', '2018-07-14 08:44:18'),
	(116, 24, 85, 5, 0, 1, 240, 220, '2018-07-14 08:44:19', '2018-07-14 08:44:19'),
	(117, 25, 87, 5, 2, 1.02, 260, 500, '2018-07-14 08:44:19', '2018-07-14 08:44:19'),
	(118, 27, 44, 0, 1, 8.8, 4, 1.36, '2018-07-14 08:44:20', '2018-07-14 08:44:20'),
	(119, 29, 44, 0, 1, 12, 4, 1.3, '2018-07-14 08:44:20', '2018-07-14 08:44:20'),
	(120, 30, 86, 1, 2, 110, 8.4, 1.06, '2018-07-14 08:44:20', '2018-07-14 08:44:20'),
	(121, 31, 39, 1, 0, 1.45, 3.85, 6.2, '2018-07-14 08:44:20', '2018-07-14 08:44:20'),
	(122, 32, 42, 1, 0, 1.16, 5.8, 15.5, '2018-07-14 08:44:20', '2018-07-14 08:44:20'),
	(123, 34, 43, 2, 0, 1.02, 20, 70, '2018-07-14 08:44:21', '2018-07-14 08:44:21'),
	(124, 36, 88, 1, 2, 230, 21, 1.02, '2018-07-14 08:44:21', '2018-07-14 08:44:21'),
	(125, 35, 85, 1, 0, 1.03, 14, 180, '2018-07-14 08:44:21', '2018-07-14 08:44:21'),
	(126, 40, 86, 3, 0, 1.02, 440, 500, '2018-07-14 08:44:22', '2018-07-14 08:44:22'),
	(127, 41, 45, 0, 1, 4.6, 3.25, 1.75, '2018-07-14 08:44:22', '2018-07-14 08:44:22'),
	(128, 42, 87, 0, 4, 220, 240, 1, '2018-07-14 08:44:22', '2018-07-14 08:44:22'),
	(129, 43, 88, 3, 0, 1, 250, 220, '2018-07-14 08:44:22', '2018-07-14 08:44:22'),
	(130, 44, 43, 1, 0, 1.79, 3.45, 3.8, '2018-07-14 08:44:22', '2018-07-14 08:44:22'),
	(131, 46, 40, 0, 1, 4.95, 3.8, 1.55, '2018-07-14 08:44:22', '2018-07-14 08:44:22'),
	(132, 50, 89, 0, 2, 260, 170, 1, '2018-07-14 08:44:23', '2018-07-14 08:44:23'),
	(133, 52, 29, 0, 1, 5.8, 3.6, 1.55, '2018-07-14 08:44:23', '2018-07-14 08:44:23'),
	(134, 55, 11, 0, 0, 2.54, 3.25, 2.43, '2018-07-14 08:44:24', '2018-07-14 08:44:24'),
	(135, 3, 88, 2, 1, 1.03, 13, 100, '2018-07-14 08:44:45', '2018-07-14 08:44:45'),
	(136, 10, 86, 2, 1, 1.09, 6.8, 85, '2018-07-14 08:44:46', '2018-07-14 08:44:46'),
	(137, 9, 44, 2, 0, 1.02, 18, 55, '2018-07-14 08:44:46', '2018-07-14 08:44:46'),
	(138, 8, 89, 3, 1, 1, 230, 220, '2018-07-14 08:44:46', '2018-07-14 08:44:46'),
	(139, 13, 86, 2, 0, 1.01, 44, 300, '2018-07-14 08:44:46', '2018-07-14 08:44:46'),
	(140, 12, 86, 0, 2, 260, 120, 1, '2018-07-14 08:44:46', '2018-07-14 08:44:46'),
	(141, 14, 56, 2, 0, 1.01, 22, 85, '2018-07-14 08:44:46', '2018-07-14 08:44:46'),
	(142, 16, 86, 1, 0, 1.09, 7.2, 55, '2018-07-14 08:44:47', '2018-07-14 08:44:47'),
	(143, 17, 87, 3, 1, 1.01, 65, 500, '2018-07-14 08:44:47', '2018-07-14 08:44:47'),
	(144, 18, 87, 1, 0, 1.04, 10, 150, '2018-07-14 08:44:47', '2018-07-14 08:44:47'),
	(145, 19, 42, 0, 2, 20, 8.2, 1.1, '2018-07-14 08:44:47', '2018-07-14 08:44:47'),
	(146, 24, 86, 5, 0, 1, 240, 220, '2018-07-14 08:44:47', '2018-07-14 08:44:47'),
	(147, 25, 88, 5, 2, 1.02, 320, 500, '2018-07-14 08:44:48', '2018-07-14 08:44:48'),
	(148, 27, 44, 0, 1, 9, 4, 1.35, '2018-07-14 08:44:48', '2018-07-14 08:44:48'),
	(149, 29, 44, 0, 1, 12, 4, 1.3, '2018-07-14 08:44:50', '2018-07-14 08:44:50'),
	(150, 30, 86, 1, 2, 110, 8.4, 1.06, '2018-07-14 08:44:50', '2018-07-14 08:44:50'),
	(151, 31, 40, 1, 0, 1.44, 3.85, 6.4, '2018-07-14 08:44:51', '2018-07-14 08:44:51'),
	(152, 32, 42, 1, 0, 1.16, 5.8, 15.5, '2018-07-14 08:44:51', '2018-07-14 08:44:51'),
	(153, 34, 44, 2, 0, 1.02, 20, 70, '2018-07-14 08:44:51', '2018-07-14 08:44:51'),
	(154, 36, 88, 1, 2, 250, 22, 1.02, '2018-07-14 08:44:51', '2018-07-14 08:44:51'),
	(155, 35, 85, 1, 0, 1.03, 14, 180, '2018-07-14 08:44:51', '2018-07-14 08:44:51'),
	(156, 40, 87, 3, 0, 1.02, 500, 500, '2018-07-14 08:44:52', '2018-07-14 08:44:52'),
	(157, 41, 45, 0, 1, 4.8, 3.25, 1.72, '2018-07-14 08:44:52', '2018-07-14 08:44:52'),
	(158, 42, 87, 0, 4, 220, 240, 1, '2018-07-14 08:44:52', '2018-07-14 08:44:52'),
	(159, 43, 88, 3, 0, 1, 260, 220, '2018-07-14 08:44:52', '2018-07-14 08:44:52'),
	(160, 44, 43, 1, 0, 1.79, 3.45, 3.8, '2018-07-14 08:44:53', '2018-07-14 08:44:53'),
	(161, 46, 41, 0, 1, 5, 3.8, 1.54, '2018-07-14 08:44:53', '2018-07-14 08:44:53'),
	(162, 50, 90, 0, 2, 260, 190, 1, '2018-07-14 08:44:53', '2018-07-14 08:44:53'),
	(163, 52, 30, 0, 1, 5.9, 3.55, 1.55, '2018-07-14 08:44:53', '2018-07-14 08:44:53'),
	(164, 10, 87, 2, 1, 1.07, 7.4, 100, '2018-07-14 08:45:15', '2018-07-14 08:45:15'),
	(165, 13, 88, 2, 0, 1.01, 48, 350, '2018-07-14 08:45:16', '2018-07-14 08:45:16'),
	(166, 9, 44, 2, 0, 1.02, 18, 55, '2018-07-14 08:45:16', '2018-07-14 08:45:16'),
	(167, 8, 89, 3, 1, 1, 230, 220, '2018-07-14 08:45:16', '2018-07-14 08:45:16'),
	(168, 12, 86, 0, 2, 260, 130, 1, '2018-07-14 08:45:16', '2018-07-14 08:45:16'),
	(169, 14, 57, 2, 0, 1.01, 22, 85, '2018-07-14 08:45:16', '2018-07-14 08:45:16'),
	(170, 18, 87, 1, 0, 5.1, 1.22, 13, '2018-07-14 08:45:16', '2018-07-14 08:45:16'),
	(171, 16, 86, 1, 0, 1.09, 7.6, 55, '2018-07-14 08:45:17', '2018-07-14 08:45:17'),
	(172, 19, 43, 0, 2, 20, 8.2, 1.1, '2018-07-14 08:45:17', '2018-07-14 08:45:17'),
	(173, 17, 88, 3, 1, 1.01, 70, 500, '2018-07-14 08:45:17', '2018-07-14 08:45:17'),
	(174, 27, 45, 0, 1, 9, 4, 1.35, '2018-07-14 08:45:18', '2018-07-14 08:45:18'),
	(175, 24, 87, 5, 0, 1, 240, 220, '2018-07-14 08:45:18', '2018-07-14 08:45:18'),
	(176, 35, 85, 1, 0, 1.03, 14, 210, '2018-07-14 08:45:18', '2018-07-14 08:45:18'),
	(177, 30, 86, 1, 2, 110, 8.4, 1.06, '2018-07-14 08:45:18', '2018-07-14 08:45:18'),
	(178, 29, 45, 0, 1, 12, 4, 1.3, '2018-07-14 08:45:18', '2018-07-14 08:45:18'),
	(179, 34, 44, 2, 0, 1.02, 20, 70, '2018-07-14 08:45:19', '2018-07-14 08:45:19'),
	(180, 36, 89, 1, 2, 325, 27, 1.01, '2018-07-14 08:45:19', '2018-07-14 08:45:19'),
	(181, 31, 40, 1, 0, 1.44, 3.85, 6.4, '2018-07-14 08:45:19', '2018-07-14 08:45:19'),
	(182, 32, 43, 1, 0, 1.16, 5.7, 15.5, '2018-07-14 08:45:19', '2018-07-14 08:45:19'),
	(183, 41, 45, 0, 1, 4.8, 3.25, 1.72, '2018-07-14 08:45:20', '2018-07-14 08:45:20'),
	(184, 40, 87, 3, 0, 1.02, 500, 500, '2018-07-14 08:45:20', '2018-07-14 08:45:20'),
	(185, 44, 44, 1, 0, 1.78, 3.45, 3.85, '2018-07-14 08:45:20', '2018-07-14 08:45:20'),
	(186, 43, 89, 3, 0, 1, 260, 220, '2018-07-14 08:45:20', '2018-07-14 08:45:20'),
	(187, 42, 88, 0, 4, 220, 240, 1, '2018-07-14 08:45:20', '2018-07-14 08:45:20'),
	(188, 46, 41, 0, 1, 5, 3.8, 1.54, '2018-07-14 08:45:21', '2018-07-14 08:45:21'),
	(189, 50, 90, 0, 2, 220, 220, 1, '2018-07-14 08:45:21', '2018-07-14 08:45:21'),
	(190, 52, 30, 0, 1, 5.9, 3.55, 1.55, '2018-07-14 08:45:21', '2018-07-14 08:45:21'),
	(191, 10, 88, 2, 1, 1.06, 8, 110, '2018-07-14 08:45:46', '2018-07-14 08:45:46'),
	(192, 9, 45, 2, 0, 1.02, 18, 55, '2018-07-14 08:45:46', '2018-07-14 08:45:46'),
	(193, 8, 89, 3, 1, 1, 240, 220, '2018-07-14 08:45:46', '2018-07-14 08:45:46'),
	(194, 12, 87, 0, 2, 260, 140, 1, '2018-07-14 08:45:46', '2018-07-14 08:45:46'),
	(195, 14, 57, 2, 0, 1.01, 23, 85, '2018-07-14 08:45:46', '2018-07-14 08:45:46'),
	(196, 18, 87, 1, 0, 6.6, 1.16, 12, '2018-07-14 08:45:46', '2018-07-14 08:45:46'),
	(197, 16, 87, 1, 0, 1.08, 7.8, 60, '2018-07-14 08:45:47', '2018-07-14 08:45:47'),
	(198, 19, 45, 0, 2, 20, 8.4, 1.1, '2018-07-14 08:45:47', '2018-07-14 08:45:47'),
	(199, 27, 45, 0, 1, 9.5, 4, 1.34, '2018-07-14 08:45:48', '2018-07-14 08:45:48'),
	(200, 24, 87, 5, 0, 1, 230, 230, '2018-07-14 08:45:48', '2018-07-14 08:45:48'),
	(201, 35, 86, 1, 0, 1.03, 15, 190, '2018-07-14 08:45:48', '2018-07-14 08:45:48'),
	(202, 30, 87, 1, 2, 140, 9.4, 1.05, '2018-07-14 08:45:49', '2018-07-14 08:45:49'),
	(203, 29, 45, 0, 1, 12.5, 4.1, 1.28, '2018-07-14 08:45:50', '2018-07-14 08:45:50'),
	(204, 34, 45, 2, 0, 1.02, 20, 75, '2018-07-14 08:45:50', '2018-07-14 08:45:50'),
	(205, 36, 90, 1, 2, 325, 31, 1.01, '2018-07-14 08:45:50', '2018-07-14 08:45:50'),
	(206, 31, 41, 1, 0, 1.44, 3.85, 6.4, '2018-07-14 08:45:51', '2018-07-14 08:45:51'),
	(207, 32, 43, 1, 0, 1.16, 5.7, 15.5, '2018-07-14 08:45:51', '2018-07-14 08:45:51'),
	(208, 41, 45, 0, 1, 4.8, 3.25, 1.72, '2018-07-14 08:45:51', '2018-07-14 08:45:51'),
	(209, 40, 88, 3, 0, 1.02, 500, 500, '2018-07-14 08:45:51', '2018-07-14 08:45:51'),
	(210, 44, 44, 1, 0, 1.78, 3.45, 3.85, '2018-07-14 08:45:52', '2018-07-14 08:45:52'),
	(211, 43, 89, 3, 0, 1, 260, 220, '2018-07-14 08:45:52', '2018-07-14 08:45:52'),
	(212, 42, 88, 0, 4, 220, 240, 1, '2018-07-14 08:45:52', '2018-07-14 08:45:52'),
	(213, 46, 42, 0, 1, 5, 3.8, 1.54, '2018-07-14 08:45:52', '2018-07-14 08:45:52'),
	(214, 50, 91, 0, 2, 220, 220, 1, '2018-07-14 08:45:52', '2018-07-14 08:45:52'),
	(215, 52, 31, 0, 1, 5.9, 3.55, 1.55, '2018-07-14 08:45:53', '2018-07-14 08:45:53'),
	(216, 10, 88, 2, 1, 1.06, 8.8, 130, '2018-07-14 08:46:15', '2018-07-14 08:46:15'),
	(217, 9, 46, 2, 0, 1.02, 17, 55, '2018-07-14 08:46:15', '2018-07-14 08:46:15'),
	(218, 8, 90, 3, 1, 1, 250, 220, '2018-07-14 08:46:16', '2018-07-14 08:46:16'),
	(219, 12, 87, 0, 2, 260, 140, 1, '2018-07-14 08:46:16', '2018-07-14 08:46:16'),
	(220, 14, 58, 2, 0, 1.01, 23, 85, '2018-07-14 08:46:16', '2018-07-14 08:46:16'),
	(221, 16, 87, 1, 0, 1.07, 8.2, 65, '2018-07-14 08:46:16', '2018-07-14 08:46:16'),
	(222, 19, 45, 0, 2, 20, 8.4, 1.1, '2018-07-14 08:46:17', '2018-07-14 08:46:17'),
	(223, 27, 45, 0, 1, 9, 4, 1.35, '2018-07-14 08:46:17', '2018-07-14 08:46:17'),
	(224, 24, 88, 5, 0, 1, 240, 230, '2018-07-14 08:46:17', '2018-07-14 08:46:17'),
	(225, 35, 86, 1, 0, 1.03, 16, 200, '2018-07-14 08:46:17', '2018-07-14 08:46:17'),
	(226, 30, 87, 1, 2, 140, 10, 1.05, '2018-07-14 08:46:17', '2018-07-14 08:46:17'),
	(227, 29, 46, 0, 1, 12.5, 4.1, 1.28, '2018-07-14 08:46:18', '2018-07-14 08:46:18'),
	(228, 34, 45, 2, 0, 1.02, 20, 75, '2018-07-14 08:46:18', '2018-07-14 08:46:18'),
	(229, 36, 90, 1, 2, 270, 36, 1.01, '2018-07-14 08:46:18', '2018-07-14 08:46:18'),
	(230, 31, 41, 1, 0, 1.44, 3.85, 6.4, '2018-07-14 08:46:18', '2018-07-14 08:46:18'),
	(231, 32, 44, 1, 0, 1.16, 5.7, 16, '2018-07-14 08:46:19', '2018-07-14 08:46:19'),
	(232, 41, 45, 0, 1, 4.8, 3.25, 1.72, '2018-07-14 08:46:19', '2018-07-14 08:46:19'),
	(233, 44, 45, 1, 0, 1.76, 3.45, 3.95, '2018-07-14 08:46:19', '2018-07-14 08:46:19'),
	(234, 43, 89, 3, 0, 1, 260, 220, '2018-07-14 08:46:19', '2018-07-14 08:46:19'),
	(235, 42, 89, 0, 4, 220, 240, 1, '2018-07-14 08:46:20', '2018-07-14 08:46:20'),
	(236, 46, 42, 0, 1, 5.1, 3.75, 1.54, '2018-07-14 08:46:20', '2018-07-14 08:46:20'),
	(237, 50, 91, 0, 2, 220, 240, 1, '2018-07-14 08:46:20', '2018-07-14 08:46:20'),
	(238, 52, 31, 0, 1, 6, 3.55, 1.52, '2018-07-14 08:46:20', '2018-07-14 08:46:20'),
	(239, 10, 89, 2, 1, 1.04, 9.6, 150, '2018-07-14 08:46:46', '2018-07-14 08:46:46'),
	(240, 9, 46, 2, 0, 1.02, 17, 55, '2018-07-14 08:46:46', '2018-07-14 08:46:46'),
	(241, 8, 91, 3, 1, 1, 230, 220, '2018-07-14 08:46:46', '2018-07-14 08:46:46'),
	(242, 12, 87, 0, 2, 260, 160, 1, '2018-07-14 08:46:46', '2018-07-14 08:46:46'),
	(243, 14, 58, 2, 0, 1.01, 23, 85, '2018-07-14 08:46:46', '2018-07-14 08:46:46'),
	(244, 16, 88, 1, 0, 1.07, 8.6, 75, '2018-07-14 08:46:47', '2018-07-14 08:46:47'),
	(245, 19, 45, 0, 2, 20, 8.4, 1.1, '2018-07-14 08:46:47', '2018-07-14 08:46:47'),
	(246, 27, 45, 0, 1, 9, 4, 1.35, '2018-07-14 08:46:48', '2018-07-14 08:46:48'),
	(247, 24, 88, 5, 0, 1, 240, 230, '2018-07-14 08:46:48', '2018-07-14 08:46:48'),
	(248, 35, 87, 1, 0, 1.02, 18, 250, '2018-07-14 08:46:48', '2018-07-14 08:46:48'),
	(249, 30, 87, 1, 2, 140, 10, 1.05, '2018-07-14 08:46:48', '2018-07-14 08:46:48'),
	(250, 29, 46, 0, 1, 12.5, 4.1, 1.28, '2018-07-14 08:46:48', '2018-07-14 08:46:48'),
	(251, 34, 46, 2, 0, 1.02, 20, 75, '2018-07-14 08:46:48', '2018-07-14 08:46:48'),
	(252, 31, 41, 1, 0, 1.44, 3.85, 6.4, '2018-07-14 08:46:49', '2018-07-14 08:46:49'),
	(253, 32, 44, 1, 0, 1.16, 5.7, 16, '2018-07-14 08:46:49', '2018-07-14 08:46:49'),
	(254, 41, 45, 0, 1, 4.8, 3.25, 1.72, '2018-07-14 08:46:49', '2018-07-14 08:46:49'),
	(255, 44, 45, 1, 0, 1.76, 3.45, 3.95, '2018-07-14 08:46:49', '2018-07-14 08:46:49'),
	(256, 46, 43, 0, 1, 5.1, 3.8, 1.53, '2018-07-14 08:46:50', '2018-07-14 08:46:50'),
	(257, 50, 92, 0, 2, 23, 1.01, 240, '2018-07-14 08:46:50', '2018-07-14 08:46:50'),
	(258, 52, 32, 0, 1, 6, 3.55, 1.52, '2018-07-14 08:46:50', '2018-07-14 08:46:50'),
	(259, 10, 89, 2, 1, 1.04, 9.6, 150, '2018-07-14 08:47:15', '2018-07-14 08:47:15'),
	(260, 9, 46, 2, 0, 1.02, 17, 55, '2018-07-14 08:47:15', '2018-07-14 08:47:15'),
	(261, 8, 91, 3, 1, 1, 240, 220, '2018-07-14 08:47:16', '2018-07-14 08:47:16'),
	(262, 12, 88, 0, 2, 260, 180, 1, '2018-07-14 08:47:16', '2018-07-14 08:47:16'),
	(263, 14, 59, 2, 0, 1.01, 24, 85, '2018-07-14 08:47:16', '2018-07-14 08:47:16'),
	(264, 19, 45, 0, 2, 20, 8.4, 1.1, '2018-07-14 08:47:16', '2018-07-14 08:47:16'),
	(265, 27, 45, 0, 1, 9, 4, 1.35, '2018-07-14 08:47:17', '2018-07-14 08:47:17'),
	(266, 24, 88, 5, 0, 1, 240, 230, '2018-07-14 08:47:17', '2018-07-14 08:47:17'),
	(267, 35, 87, 1, 0, 1.02, 19, 250, '2018-07-14 08:47:17', '2018-07-14 08:47:17'),
	(268, 30, 88, 1, 2, 170, 12, 1.04, '2018-07-14 08:47:17', '2018-07-14 08:47:17'),
	(269, 29, 47, 0, 1, 12.5, 4.1, 1.28, '2018-07-14 08:47:17', '2018-07-14 08:47:17'),
	(270, 34, 46, 2, 0, 1.02, 21, 80, '2018-07-14 08:47:18', '2018-07-14 08:47:18'),
	(271, 31, 42, 1, 0, 1.43, 3.85, 6.6, '2018-07-14 08:47:18', '2018-07-14 08:47:18'),
	(272, 32, 45, 1, 0, 1.16, 5.7, 16, '2018-07-14 08:47:18', '2018-07-14 08:47:18'),
	(273, 41, 45, 0, 1, 4.8, 3.25, 1.72, '2018-07-14 08:47:18', '2018-07-14 08:47:18'),
	(274, 44, 46, 1, 0, 1.75, 3.45, 4, '2018-07-14 08:47:19', '2018-07-14 08:47:19'),
	(275, 46, 43, 0, 1, 5.2, 3.75, 1.53, '2018-07-14 08:47:19', '2018-07-14 08:47:19'),
	(276, 52, 32, 0, 1, 6, 3.55, 1.52, '2018-07-14 08:47:20', '2018-07-14 08:47:20'),
	(277, 10, 90, 2, 1, 1.04, 12, 200, '2018-07-14 08:47:45', '2018-07-14 08:47:45'),
	(278, 9, 47, 2, 0, 1.02, 17, 55, '2018-07-14 08:47:45', '2018-07-14 08:47:45'),
	(279, 12, 89, 0, 2, 260, 190, 1, '2018-07-14 08:47:46', '2018-07-14 08:47:46'),
	(280, 14, 59, 2, 0, 1.01, 24, 90, '2018-07-14 08:47:46', '2018-07-14 08:47:46'),
	(281, 56, 45, 0, 0, 1.84, 3.15, 4, '2018-07-14 08:47:46', '2018-07-14 08:47:46'),
	(282, 19, 45, 0, 2, 20, 8.4, 1.1, '2018-07-14 08:47:47', '2018-07-14 08:47:47'),
	(283, 27, 45, 0, 1, 9, 4, 1.35, '2018-07-14 08:47:47', '2018-07-14 08:47:47'),
	(284, 24, 89, 5, 0, 5.7, 1.1, 1, '2018-07-14 08:47:47', '2018-07-14 08:47:47'),
	(285, 35, 88, 1, 0, 1.02, 19, 250, '2018-07-14 08:47:48', '2018-07-14 08:47:48'),
	(286, 30, 88, 1, 2, 220, 13, 1.03, '2018-07-14 08:47:48', '2018-07-14 08:47:48'),
	(287, 29, 45, 0, 1, 12.5, 4.1, 1.28, '2018-07-14 08:47:48', '2018-07-14 08:47:48'),
	(288, 34, 45, 2, 0, 1.02, 21, 80, '2018-07-14 08:47:48', '2018-07-14 08:47:48'),
	(289, 31, 43, 1, 0, 1.43, 3.85, 6.6, '2018-07-14 08:47:48', '2018-07-14 08:47:48'),
	(290, 32, 45, 1, 0, 1.15, 5.8, 17, '2018-07-14 08:47:48', '2018-07-14 08:47:48'),
	(291, 41, 45, 0, 1, 4.8, 3.25, 1.72, '2018-07-14 08:47:49', '2018-07-14 08:47:49'),
	(292, 44, 45, 1, 0, 1.75, 3.45, 4, '2018-07-14 08:47:49', '2018-07-14 08:47:49'),
	(293, 46, 44, 0, 1, 5.2, 3.75, 1.53, '2018-07-14 08:47:49', '2018-07-14 08:47:49'),
	(294, 52, 33, 0, 1, 6, 3.55, 1.52, '2018-07-14 08:47:50', '2018-07-14 08:47:50'),
	(295, 10, 90, 2, 1, 1.03, 14, 230, '2018-07-14 08:48:15', '2018-07-14 08:48:15'),
	(296, 9, 45, 2, 0, 1.02, 17.5, 55, '2018-07-14 08:48:15', '2018-07-14 08:48:15'),
	(297, 12, 89, 0, 2, 210, 210, 1, '2018-07-14 08:48:16', '2018-07-14 08:48:16'),
	(298, 14, 60, 2, 0, 1.01, 24, 90, '2018-07-14 08:48:16', '2018-07-14 08:48:16'),
	(299, 19, 45, 0, 2, 20, 8.4, 1.1, '2018-07-14 08:48:16', '2018-07-14 08:48:16'),
	(300, 27, 45, 0, 1, 9, 4, 1.35, '2018-07-14 08:48:17', '2018-07-14 08:48:17'),
	(301, 35, 88, 1, 0, 1.02, 20, 250, '2018-07-14 08:48:17', '2018-07-14 08:48:17'),
	(302, 30, 89, 1, 2, 210, 15, 1.03, '2018-07-14 08:48:17', '2018-07-14 08:48:17'),
	(303, 29, 45, 0, 1, 12.5, 4.1, 1.28, '2018-07-14 08:48:17', '2018-07-14 08:48:17'),
	(304, 34, 45, 2, 0, 1.02, 21, 80, '2018-07-14 08:48:17', '2018-07-14 08:48:17'),
	(305, 31, 43, 1, 0, 1.43, 3.85, 6.6, '2018-07-14 08:48:17', '2018-07-14 08:48:17'),
	(306, 32, 46, 1, 0, 1.14, 6, 18.5, '2018-07-14 08:48:18', '2018-07-14 08:48:18'),
	(307, 41, 45, 0, 1, 4.8, 3.25, 1.72, '2018-07-14 08:48:18', '2018-07-14 08:48:18'),
	(308, 44, 45, 1, 0, 1.75, 3.45, 4, '2018-07-14 08:48:18', '2018-07-14 08:48:18'),
	(309, 46, 44, 0, 1, 5.2, 3.75, 1.53, '2018-07-14 08:48:19', '2018-07-14 08:48:19'),
	(310, 52, 33, 0, 1, 6.2, 3.55, 1.52, '2018-07-14 08:48:19', '2018-07-14 08:48:19'),
	(311, 10, 91, 2, 1, 1.02, 18, 270, '2018-07-14 08:48:45', '2018-07-14 08:48:45'),
	(312, 9, 45, 2, 0, 1.02, 17.5, 55, '2018-07-14 08:48:45', '2018-07-14 08:48:45'),
	(313, 12, 89, 0, 2, 210, 210, 1, '2018-07-14 08:48:46', '2018-07-14 08:48:46'),
	(314, 14, 60, 2, 0, 1.01, 22, 85, '2018-07-14 08:48:46', '2018-07-14 08:48:46'),
	(315, 19, 45, 0, 2, 20, 8.4, 1.1, '2018-07-14 08:48:46', '2018-07-14 08:48:46'),
	(316, 27, 45, 0, 1, 9, 4, 1.35, '2018-07-14 08:48:47', '2018-07-14 08:48:47'),
	(317, 35, 89, 1, 0, 1.02, 23, 270, '2018-07-14 08:48:47', '2018-07-14 08:48:47'),
	(318, 30, 89, 1, 2, 280, 18, 1.02, '2018-07-14 08:48:47', '2018-07-14 08:48:47'),
	(319, 29, 45, 0, 1, 12.5, 4.1, 1.28, '2018-07-14 08:48:47', '2018-07-14 08:48:47'),
	(320, 34, 45, 2, 0, 1.02, 21, 80, '2018-07-14 08:48:47', '2018-07-14 08:48:47'),
	(321, 31, 43, 1, 0, 1.43, 3.85, 6.6, '2018-07-14 08:48:48', '2018-07-14 08:48:48'),
	(322, 32, 45, 1, 0, 1.14, 6, 19, '2018-07-14 08:48:49', '2018-07-14 08:48:49'),
	(323, 41, 45, 0, 1, 4.8, 3.25, 1.72, '2018-07-14 08:48:49', '2018-07-14 08:48:49'),
	(324, 44, 45, 1, 0, 1.81, 3.4, 3.8, '2018-07-14 08:48:50', '2018-07-14 08:48:50'),
	(325, 46, 44, 0, 1, 5.3, 3.75, 1.53, '2018-07-14 08:48:50', '2018-07-14 08:48:50'),
	(326, 52, 34, 0, 1, 6.2, 3.55, 1.52, '2018-07-14 08:48:50', '2018-07-14 08:48:50'),
	(327, 10, 91, 2, 1, 1.01, 26, 350, '2018-07-14 08:49:17', '2018-07-14 08:49:17'),
	(328, 9, 45, 2, 0, 1.02, 17.5, 55, '2018-07-14 08:49:17', '2018-07-14 08:49:17'),
	(329, 12, 90, 0, 2, 220, 230, 1, '2018-07-14 08:49:17', '2018-07-14 08:49:17'),
	(330, 14, 61, 2, 0, 1.01, 23, 85, '2018-07-14 08:49:17', '2018-07-14 08:49:17'),
	(331, 19, 45, 0, 2, 20, 8.4, 1.1, '2018-07-14 08:49:18', '2018-07-14 08:49:18'),
	(332, 27, 45, 0, 1, 9, 4, 1.35, '2018-07-14 08:49:18', '2018-07-14 08:49:18'),
	(333, 35, 45, 1, 0, 1.01, 26, 270, '2018-07-14 08:49:18', '2018-07-14 08:49:18'),
	(334, 30, 90, 1, 2, 280, 18, 1.02, '2018-07-14 08:49:18', '2018-07-14 08:49:18'),
	(335, 29, 45, 0, 1, 12.5, 4.1, 1.28, '2018-07-14 08:49:18', '2018-07-14 08:49:18'),
	(336, 34, 45, 2, 0, 1.02, 21, 80, '2018-07-14 08:49:19', '2018-07-14 08:49:19'),
	(337, 31, 44, 1, 0, 1.44, 3.85, 6.4, '2018-07-14 08:49:19', '2018-07-14 08:49:19'),
	(338, 32, 45, 1, 0, 1.14, 6, 19, '2018-07-14 08:49:19', '2018-07-14 08:49:19'),
	(339, 41, 45, 0, 1, 4.8, 3.25, 1.72, '2018-07-14 08:49:19', '2018-07-14 08:49:19'),
	(340, 44, 45, 1, 0, 1.81, 3.4, 3.8, '2018-07-14 08:49:20', '2018-07-14 08:49:20'),
	(341, 46, 45, 0, 1, 5.4, 3.75, 1.52, '2018-07-14 08:49:20', '2018-07-14 08:49:20'),
	(342, 52, 34, 0, 1, 6.2, 3.55, 1.52, '2018-07-14 08:49:20', '2018-07-14 08:49:20'),
	(343, 10, 92, 2, 1, 1.01, 37, 350, '2018-07-14 08:49:45', '2018-07-14 08:49:45'),
	(344, 9, 45, 2, 0, 1.02, 17.5, 55, '2018-07-14 08:49:45', '2018-07-14 08:49:45'),
	(345, 12, 91, 0, 2, 220, 230, 1, '2018-07-14 08:49:46', '2018-07-14 08:49:46'),
	(346, 14, 61, 2, 0, 1.01, 23, 85, '2018-07-14 08:49:46', '2018-07-14 08:49:46'),
	(347, 20, 92, 3, 4, 39, 28, 1.01, '2018-07-14 08:49:46', '2018-07-14 08:49:46'),
	(348, 19, 45, 0, 2, 20, 8.4, 1.1, '2018-07-14 08:49:46', '2018-07-14 08:49:46'),
	(349, 27, 45, 0, 1, 9, 4, 1.35, '2018-07-14 08:49:47', '2018-07-14 08:49:47'),
	(350, 35, 90, 2, 0, 1, 240, 220, '2018-07-14 08:49:47', '2018-07-14 08:49:47'),
	(351, 30, 91, 1, 2, 350, 30, 1.01, '2018-07-14 08:49:47', '2018-07-14 08:49:47'),
	(352, 29, 45, 0, 1, 12.5, 4.1, 1.28, '2018-07-14 08:49:47', '2018-07-14 08:49:47'),
	(353, 34, 45, 2, 0, 1.02, 21, 80, '2018-07-14 08:49:47', '2018-07-14 08:49:47'),
	(354, 31, 45, 1, 0, 1.44, 3.85, 6.4, '2018-07-14 08:49:48', '2018-07-14 08:49:48'),
	(355, 32, 45, 1, 0, 1.14, 6, 19, '2018-07-14 08:49:48', '2018-07-14 08:49:48'),
	(356, 41, 45, 0, 1, 4.8, 3.25, 1.72, '2018-07-14 08:49:48', '2018-07-14 08:49:48'),
	(357, 44, 45, 1, 0, 1.81, 3.4, 3.8, '2018-07-14 08:49:48', '2018-07-14 08:49:48'),
	(358, 46, 45, 0, 1, 5.4, 3.75, 1.52, '2018-07-14 08:49:49', '2018-07-14 08:49:49'),
	(359, 52, 35, 0, 1, 6.2, 3.55, 1.52, '2018-07-14 08:49:49', '2018-07-14 08:49:49'),
	(360, 9, 45, 2, 0, 1.02, 17.5, 55, '2018-07-14 08:50:16', '2018-07-14 08:50:16'),
	(361, 12, 91, 0, 2, 220, 230, 1, '2018-07-14 08:50:16', '2018-07-14 08:50:16'),
	(362, 14, 62, 2, 0, 1.01, 23, 90, '2018-07-14 08:50:16', '2018-07-14 08:50:16'),
	(363, 20, 92, 3, 4, 39, 28, 1.01, '2018-07-14 08:50:16', '2018-07-14 08:50:16'),
	(364, 19, 45, 0, 2, 20, 8.4, 1.1, '2018-07-14 08:50:16', '2018-07-14 08:50:16'),
	(365, 27, 45, 0, 1, 9, 4, 1.35, '2018-07-14 08:50:17', '2018-07-14 08:50:17'),
	(366, 30, 91, 1, 2, 290, 35, 1.01, '2018-07-14 08:50:17', '2018-07-14 08:50:17'),
	(367, 29, 45, 0, 1, 12.5, 4.1, 1.28, '2018-07-14 08:50:17', '2018-07-14 08:50:17'),
	(368, 34, 45, 2, 0, 1.02, 21, 80, '2018-07-14 08:50:17', '2018-07-14 08:50:17'),
	(369, 31, 45, 1, 0, 1.44, 3.85, 6.4, '2018-07-14 08:50:18', '2018-07-14 08:50:18'),
	(370, 32, 45, 1, 0, 1.14, 6, 19, '2018-07-14 08:50:18', '2018-07-14 08:50:18'),
	(371, 41, 45, 0, 1, 4.8, 3.25, 1.72, '2018-07-14 08:50:18', '2018-07-14 08:50:18'),
	(372, 44, 45, 1, 0, 1.81, 3.4, 3.8, '2018-07-14 08:50:18', '2018-07-14 08:50:18'),
	(373, 46, 45, 0, 1, 5.4, 3.75, 1.52, '2018-07-14 08:50:19', '2018-07-14 08:50:19'),
	(374, 52, 35, 0, 1, 6.2, 3.55, 1.52, '2018-07-14 08:50:19', '2018-07-14 08:50:19'),
	(375, 9, 45, 2, 0, 1.02, 17.5, 55, '2018-07-14 08:50:46', '2018-07-14 08:50:46'),
	(376, 12, 92, 0, 2, 23, 1.01, 230, '2018-07-14 08:50:46', '2018-07-14 08:50:46'),
	(377, 14, 62, 2, 0, 1.01, 24, 90, '2018-07-14 08:50:46', '2018-07-14 08:50:46'),
	(378, 20, 92, 3, 4, 39, 28, 1.01, '2018-07-14 08:50:46', '2018-07-14 08:50:46'),
	(379, 19, 45, 0, 2, 20, 8.4, 1.1, '2018-07-14 08:50:46', '2018-07-14 08:50:46'),
	(380, 27, 45, 0, 1, 9, 4, 1.35, '2018-07-14 08:50:47', '2018-07-14 08:50:47'),
	(381, 29, 45, 0, 1, 12.5, 4.1, 1.28, '2018-07-14 08:50:47', '2018-07-14 08:50:47'),
	(382, 34, 45, 2, 0, 1.02, 21, 80, '2018-07-14 08:50:47', '2018-07-14 08:50:47'),
	(383, 31, 46, 1, 0, 1.44, 3.85, 6.4, '2018-07-14 08:50:47', '2018-07-14 08:50:47'),
	(384, 32, 45, 1, 0, 1.14, 6, 19, '2018-07-14 08:50:47', '2018-07-14 08:50:47'),
	(385, 41, 45, 0, 1, 4.8, 3.25, 1.72, '2018-07-14 08:50:47', '2018-07-14 08:50:47'),
	(386, 44, 45, 1, 0, 1.81, 3.4, 3.8, '2018-07-14 08:50:48', '2018-07-14 08:50:48'),
	(387, 46, 45, 0, 1, 5.4, 3.75, 1.52, '2018-07-14 08:50:48', '2018-07-14 08:50:48'),
	(388, 52, 36, 0, 1, 6.4, 3.55, 1.52, '2018-07-14 08:50:48', '2018-07-14 08:50:48'),
	(389, 9, 45, 2, 0, 1.02, 17.5, 55, '2018-07-14 08:51:15', '2018-07-14 08:51:15'),
	(390, 12, 92, 0, 2, 53, 1, 230, '2018-07-14 08:51:16', '2018-07-14 08:51:16'),
	(391, 14, 63, 2, 0, 1.01, 24, 90, '2018-07-14 08:51:16', '2018-07-14 08:51:16'),
	(392, 20, 93, 3, 4, 39, 28, 1.01, '2018-07-14 08:51:16', '2018-07-14 08:51:16'),
	(393, 19, 45, 0, 2, 20, 8.4, 1.1, '2018-07-14 08:51:16', '2018-07-14 08:51:16'),
	(394, 27, 45, 0, 1, 9, 4, 1.35, '2018-07-14 08:51:17', '2018-07-14 08:51:17'),
	(395, 29, 45, 0, 1, 12.5, 4.1, 1.28, '2018-07-14 08:51:17', '2018-07-14 08:51:17'),
	(396, 34, 45, 2, 0, 1.02, 21, 80, '2018-07-14 08:51:17', '2018-07-14 08:51:17'),
	(397, 31, 46, 1, 0, 1.44, 3.85, 6.4, '2018-07-14 08:51:17', '2018-07-14 08:51:17'),
	(398, 32, 45, 1, 0, 1.14, 6, 19, '2018-07-14 08:51:17', '2018-07-14 08:51:17'),
	(399, 41, 45, 0, 1, 4.8, 3.25, 1.72, '2018-07-14 08:51:18', '2018-07-14 08:51:18'),
	(400, 44, 45, 1, 0, 1.81, 3.4, 3.8, '2018-07-14 08:51:18', '2018-07-14 08:51:18'),
	(401, 46, 45, 0, 1, 5.4, 3.75, 1.52, '2018-07-14 08:51:18', '2018-07-14 08:51:18'),
	(402, 52, 36, 0, 1, 6.4, 3.55, 1.52, '2018-07-14 08:51:18', '2018-07-14 08:51:18'),
	(403, 9, 45, 2, 0, 1.02, 17.5, 55, '2018-07-14 08:51:45', '2018-07-14 08:51:45'),
	(404, 12, 92, 0, 2, 53, 1, 230, '2018-07-14 08:51:46', '2018-07-14 08:51:46'),
	(405, 14, 63, 2, 0, 1.01, 24, 90, '2018-07-14 08:51:46', '2018-07-14 08:51:46'),
	(406, 20, 93, 3, 4, 39, 28, 1.01, '2018-07-14 08:51:46', '2018-07-14 08:51:46'),
	(407, 19, 45, 0, 2, 20, 8.4, 1.1, '2018-07-14 08:51:46', '2018-07-14 08:51:46'),
	(408, 27, 45, 0, 1, 9, 4, 1.35, '2018-07-14 08:51:46', '2018-07-14 08:51:46'),
	(409, 29, 45, 0, 1, 12.5, 4.1, 1.28, '2018-07-14 08:51:47', '2018-07-14 08:51:47'),
	(410, 34, 45, 2, 0, 1.02, 21, 80, '2018-07-14 08:51:47', '2018-07-14 08:51:47'),
	(411, 31, 46, 1, 0, 1.43, 3.85, 6.6, '2018-07-14 08:51:47', '2018-07-14 08:51:47'),
	(412, 32, 45, 1, 0, 1.14, 6, 19, '2018-07-14 08:51:47', '2018-07-14 08:51:47'),
	(413, 41, 45, 0, 1, 4.8, 3.25, 1.72, '2018-07-14 08:51:47', '2018-07-14 08:51:47'),
	(414, 44, 45, 1, 0, 1.81, 3.4, 3.8, '2018-07-14 08:51:48', '2018-07-14 08:51:48'),
	(415, 46, 45, 0, 1, 5.4, 3.75, 1.52, '2018-07-14 08:51:48', '2018-07-14 08:51:48'),
	(416, 52, 37, 0, 1, 6.4, 3.55, 1.52, '2018-07-14 08:51:48', '2018-07-14 08:51:48'),
	(417, 9, 45, 2, 0, 1.02, 17.5, 55, '2018-07-14 08:52:15', '2018-07-14 08:52:15'),
	(418, 12, 92, 0, 2, 53, 1, 230, '2018-07-14 08:52:16', '2018-07-14 08:52:16'),
	(419, 14, 64, 2, 0, 1.01, 27, 95, '2018-07-14 08:52:16', '2018-07-14 08:52:16'),
	(420, 19, 45, 0, 2, 20, 8.4, 1.1, '2018-07-14 08:52:16', '2018-07-14 08:52:16'),
	(421, 27, 45, 0, 1, 9, 4, 1.35, '2018-07-14 08:52:16', '2018-07-14 08:52:16'),
	(422, 29, 45, 0, 1, 12.5, 4.1, 1.28, '2018-07-14 08:52:16', '2018-07-14 08:52:16'),
	(423, 34, 45, 2, 0, 1.02, 21, 80, '2018-07-14 08:52:17', '2018-07-14 08:52:17'),
	(424, 31, 46, 1, 0, 1.43, 3.85, 6.6, '2018-07-14 08:52:17', '2018-07-14 08:52:17'),
	(425, 32, 45, 1, 0, 1.14, 6, 19, '2018-07-14 08:52:17', '2018-07-14 08:52:17'),
	(426, 41, 45, 0, 1, 4.8, 3.25, 1.72, '2018-07-14 08:52:17', '2018-07-14 08:52:17'),
	(427, 44, 45, 1, 0, 1.81, 3.4, 3.8, '2018-07-14 08:52:17', '2018-07-14 08:52:17'),
	(428, 46, 45, 0, 1, 5.4, 3.75, 1.52, '2018-07-14 08:52:18', '2018-07-14 08:52:18'),
	(429, 52, 37, 0, 1, 6.5, 3.55, 1.5, '2018-07-14 08:52:18', '2018-07-14 08:52:18'),
	(430, 9, 45, 2, 0, 1.02, 17.5, 55, '2018-07-14 08:52:45', '2018-07-14 08:52:45'),
	(431, 12, 92, 0, 2, 53, 1, 230, '2018-07-14 08:52:45', '2018-07-14 08:52:45'),
	(432, 14, 64, 2, 0, 1.01, 27, 100, '2018-07-14 08:52:46', '2018-07-14 08:52:46'),
	(433, 19, 45, 0, 2, 20, 8.4, 1.1, '2018-07-14 08:52:46', '2018-07-14 08:52:46'),
	(434, 27, 45, 0, 1, 9, 4, 1.35, '2018-07-14 08:52:46', '2018-07-14 08:52:46'),
	(435, 29, 45, 0, 1, 12.5, 4.1, 1.28, '2018-07-14 08:52:46', '2018-07-14 08:52:46'),
	(436, 34, 45, 2, 0, 1.02, 21, 80, '2018-07-14 08:52:46', '2018-07-14 08:52:46'),
	(437, 31, 45, 1, 0, 1.43, 3.85, 6.6, '2018-07-14 08:52:47', '2018-07-14 08:52:47'),
	(438, 32, 45, 1, 0, 1.14, 6, 19, '2018-07-14 08:52:47', '2018-07-14 08:52:47'),
	(439, 41, 45, 0, 1, 4.8, 3.25, 1.72, '2018-07-14 08:52:47', '2018-07-14 08:52:47'),
	(440, 44, 45, 1, 0, 1.81, 3.4, 3.8, '2018-07-14 08:52:47', '2018-07-14 08:52:47'),
	(441, 46, 45, 0, 1, 5.4, 3.75, 1.52, '2018-07-14 08:52:47', '2018-07-14 08:52:47'),
	(442, 52, 38, 0, 1, 6.5, 3.55, 1.5, '2018-07-14 08:52:48', '2018-07-14 08:52:48'),
	(443, 9, 45, 2, 0, 1.02, 17.5, 55, '2018-07-14 08:53:15', '2018-07-14 08:53:15'),
	(444, 12, 92, 0, 2, 53, 1, 230, '2018-07-14 08:53:16', '2018-07-14 08:53:16'),
	(445, 14, 65, 2, 0, 1.01, 28, 100, '2018-07-14 08:53:16', '2018-07-14 08:53:16'),
	(446, 19, 45, 0, 2, 20, 8.4, 1.1, '2018-07-14 08:53:16', '2018-07-14 08:53:16'),
	(447, 27, 45, 0, 1, 9, 4, 1.35, '2018-07-14 08:53:16', '2018-07-14 08:53:16'),
	(448, 29, 45, 0, 1, 12.5, 4.1, 1.28, '2018-07-14 08:53:16', '2018-07-14 08:53:16'),
	(449, 34, 45, 2, 0, 1.02, 21, 80, '2018-07-14 08:53:17', '2018-07-14 08:53:17'),
	(450, 31, 45, 1, 0, 1.43, 3.85, 6.6, '2018-07-14 08:53:17', '2018-07-14 08:53:17'),
	(451, 32, 45, 1, 0, 1.14, 6, 19, '2018-07-14 08:53:17', '2018-07-14 08:53:17'),
	(452, 41, 45, 0, 1, 4.8, 3.25, 1.72, '2018-07-14 08:53:17', '2018-07-14 08:53:17'),
	(453, 44, 45, 1, 0, 1.81, 3.4, 3.8, '2018-07-14 08:53:17', '2018-07-14 08:53:17'),
	(454, 46, 45, 0, 1, 5.4, 3.75, 1.52, '2018-07-14 08:53:18', '2018-07-14 08:53:18'),
	(455, 52, 38, 0, 1, 6.6, 3.55, 1.5, '2018-07-14 08:53:18', '2018-07-14 08:53:18'),
	(456, 9, 45, 2, 0, 1.02, 17.5, 55, '2018-07-14 08:53:46', '2018-07-14 08:53:46'),
	(457, 14, 65, 2, 0, 1.01, 28, 100, '2018-07-14 08:53:46', '2018-07-14 08:53:46'),
	(458, 19, 45, 0, 2, 20, 8.4, 1.1, '2018-07-14 08:53:46', '2018-07-14 08:53:46'),
	(459, 27, 45, 0, 1, 9, 4, 1.35, '2018-07-14 08:53:46', '2018-07-14 08:53:46'),
	(460, 29, 45, 0, 1, 12.5, 4.1, 1.28, '2018-07-14 08:53:46', '2018-07-14 08:53:46'),
	(461, 34, 45, 2, 0, 1.02, 21, 80, '2018-07-14 08:53:46', '2018-07-14 08:53:46'),
	(462, 31, 45, 1, 0, 1.43, 3.85, 6.6, '2018-07-14 08:53:47', '2018-07-14 08:53:47'),
	(463, 32, 45, 1, 0, 1.14, 6, 19, '2018-07-14 08:53:47', '2018-07-14 08:53:47'),
	(464, 41, 45, 0, 1, 4.8, 3.25, 1.72, '2018-07-14 08:53:47', '2018-07-14 08:53:47'),
	(465, 44, 45, 1, 0, 1.81, 3.4, 3.8, '2018-07-14 08:53:47', '2018-07-14 08:53:47'),
	(466, 46, 45, 0, 1, 5.4, 3.75, 1.52, '2018-07-14 08:53:48', '2018-07-14 08:53:48'),
	(467, 52, 39, 0, 1, 6.6, 3.55, 1.5, '2018-07-14 08:53:48', '2018-07-14 08:53:48'),
	(468, 9, 45, 2, 0, 1.02, 17.5, 55, '2018-07-14 08:54:15', '2018-07-14 08:54:15'),
	(469, 14, 66, 2, 0, 1.01, 28, 100, '2018-07-14 08:54:15', '2018-07-14 08:54:15'),
	(470, 19, 45, 0, 2, 20, 8.4, 1.1, '2018-07-14 08:54:16', '2018-07-14 08:54:16'),
	(471, 27, 45, 0, 1, 9, 4, 1.35, '2018-07-14 08:54:16', '2018-07-14 08:54:16'),
	(472, 29, 45, 0, 1, 12.5, 4.1, 1.28, '2018-07-14 08:54:16', '2018-07-14 08:54:16'),
	(473, 34, 45, 2, 0, 1.02, 21, 80, '2018-07-14 08:54:16', '2018-07-14 08:54:16'),
	(474, 31, 45, 1, 0, 1.43, 3.85, 6.6, '2018-07-14 08:54:17', '2018-07-14 08:54:17'),
	(475, 32, 45, 1, 0, 1.14, 6, 19, '2018-07-14 08:54:17', '2018-07-14 08:54:17'),
	(476, 41, 45, 0, 1, 4.8, 3.25, 1.72, '2018-07-14 08:54:17', '2018-07-14 08:54:17'),
	(477, 44, 45, 1, 0, 1.81, 3.4, 3.8, '2018-07-14 08:54:17', '2018-07-14 08:54:17'),
	(478, 46, 45, 0, 1, 5.4, 3.75, 1.52, '2018-07-14 08:54:18', '2018-07-14 08:54:18'),
	(479, 52, 39, 0, 1, 6.6, 3.55, 1.5, '2018-07-14 08:54:18', '2018-07-14 08:54:18'),
	(480, 9, 45, 2, 0, 1.02, 17.5, 55, '2018-07-14 08:54:46', '2018-07-14 08:54:46'),
	(481, 14, 66, 2, 0, 1.01, 29, 100, '2018-07-14 08:54:46', '2018-07-14 08:54:46'),
	(482, 19, 45, 0, 2, 20, 8.4, 1.1, '2018-07-14 08:54:46', '2018-07-14 08:54:46'),
	(483, 27, 45, 0, 1, 9, 4, 1.35, '2018-07-14 08:54:46', '2018-07-14 08:54:46'),
	(484, 29, 45, 0, 1, 12.5, 4.1, 1.28, '2018-07-14 08:54:46', '2018-07-14 08:54:46'),
	(485, 34, 45, 2, 0, 1.02, 21, 80, '2018-07-14 08:54:46', '2018-07-14 08:54:46'),
	(486, 31, 45, 1, 0, 1.43, 3.85, 6.6, '2018-07-14 08:54:47', '2018-07-14 08:54:47'),
	(487, 32, 45, 1, 0, 1.14, 6, 19, '2018-07-14 08:54:47', '2018-07-14 08:54:47'),
	(488, 41, 45, 0, 1, 4.8, 3.25, 1.72, '2018-07-14 08:54:47', '2018-07-14 08:54:47'),
	(489, 44, 45, 1, 0, 1.81, 3.4, 3.8, '2018-07-14 08:54:47', '2018-07-14 08:54:47'),
	(490, 46, 45, 0, 1, 5.4, 3.75, 1.52, '2018-07-14 08:54:47', '2018-07-14 08:54:47'),
	(491, 52, 39, 0, 1, 6.8, 3.55, 1.48, '2018-07-14 08:54:48', '2018-07-14 08:54:48'),
	(492, 9, 45, 2, 0, 1.02, 17.5, 55, '2018-07-14 08:55:15', '2018-07-14 08:55:15'),
	(493, 14, 67, 2, 0, 1.01, 29, 100, '2018-07-14 08:55:15', '2018-07-14 08:55:15'),
	(494, 19, 45, 0, 2, 20, 8.4, 1.1, '2018-07-14 08:55:16', '2018-07-14 08:55:16'),
	(495, 27, 45, 0, 1, 9, 4, 1.35, '2018-07-14 08:55:16', '2018-07-14 08:55:16'),
	(496, 34, 45, 2, 0, 1.02, 21, 80, '2018-07-14 08:55:16', '2018-07-14 08:55:16'),
	(497, 29, 45, 0, 1, 12.5, 4.1, 1.28, '2018-07-14 08:55:16', '2018-07-14 08:55:16'),
	(498, 31, 45, 1, 0, 1.43, 3.85, 6.6, '2018-07-14 08:55:17', '2018-07-14 08:55:17'),
	(499, 32, 45, 1, 0, 1.14, 6, 19, '2018-07-14 08:55:17', '2018-07-14 08:55:17'),
	(500, 44, 45, 1, 0, 1.81, 3.4, 3.8, '2018-07-14 08:55:17', '2018-07-14 08:55:17'),
	(501, 41, 45, 0, 1, 4.8, 3.25, 1.72, '2018-07-14 08:55:17', '2018-07-14 08:55:17'),
	(502, 46, 45, 0, 1, 5.4, 3.75, 1.52, '2018-07-14 08:55:17', '2018-07-14 08:55:17'),
	(503, 52, 40, 0, 1, 6.8, 3.55, 1.48, '2018-07-14 08:55:18', '2018-07-14 08:55:18'),
	(504, 9, 45, 2, 0, 1.02, 17.5, 55, '2018-07-14 08:55:45', '2018-07-14 08:55:45'),
	(505, 14, 67, 2, 0, 1.01, 30, 100, '2018-07-14 08:55:46', '2018-07-14 08:55:46'),
	(506, 19, 45, 0, 2, 20, 8.4, 1.1, '2018-07-14 08:55:46', '2018-07-14 08:55:46'),
	(507, 27, 45, 0, 1, 9, 4, 1.35, '2018-07-14 08:55:46', '2018-07-14 08:55:46'),
	(508, 34, 45, 2, 0, 1.02, 21, 80, '2018-07-14 08:55:46', '2018-07-14 08:55:46'),
	(509, 29, 45, 0, 1, 12.5, 4.1, 1.28, '2018-07-14 08:55:46', '2018-07-14 08:55:46'),
	(510, 31, 45, 1, 0, 1.43, 3.85, 6.6, '2018-07-14 08:55:47', '2018-07-14 08:55:47'),
	(511, 32, 45, 1, 0, 1.14, 6, 19, '2018-07-14 08:55:47', '2018-07-14 08:55:47'),
	(512, 44, 45, 1, 0, 1.81, 3.4, 3.8, '2018-07-14 08:55:47', '2018-07-14 08:55:47'),
	(513, 41, 45, 0, 1, 4.8, 3.25, 1.72, '2018-07-14 08:55:47', '2018-07-14 08:55:47'),
	(514, 46, 45, 0, 1, 5.4, 3.75, 1.52, '2018-07-14 08:55:47', '2018-07-14 08:55:47'),
	(515, 52, 40, 0, 1, 6.8, 3.55, 1.48, '2018-07-14 08:55:48', '2018-07-14 08:55:48'),
	(516, 9, 45, 2, 0, 1.02, 17.5, 55, '2018-07-14 08:56:16', '2018-07-14 08:56:16'),
	(517, 14, 68, 2, 0, 1.01, 30, 100, '2018-07-14 08:56:16', '2018-07-14 08:56:16'),
	(518, 19, 45, 0, 2, 20, 8.4, 1.1, '2018-07-14 08:56:16', '2018-07-14 08:56:16'),
	(519, 27, 45, 0, 1, 9, 4, 1.35, '2018-07-14 08:56:16', '2018-07-14 08:56:16'),
	(520, 34, 45, 2, 0, 1.02, 21, 80, '2018-07-14 08:56:17', '2018-07-14 08:56:17'),
	(521, 29, 45, 0, 1, 12.5, 4.1, 1.28, '2018-07-14 08:56:17', '2018-07-14 08:56:17'),
	(522, 31, 45, 1, 0, 1.43, 3.85, 6.6, '2018-07-14 08:56:17', '2018-07-14 08:56:17'),
	(523, 32, 45, 1, 0, 1.14, 6, 19, '2018-07-14 08:56:17', '2018-07-14 08:56:17'),
	(524, 44, 45, 1, 0, 1.81, 3.4, 3.8, '2018-07-14 08:56:17', '2018-07-14 08:56:17'),
	(525, 41, 45, 0, 1, 4.8, 3.25, 1.72, '2018-07-14 08:56:17', '2018-07-14 08:56:17'),
	(526, 46, 45, 0, 1, 5.4, 3.75, 1.52, '2018-07-14 08:56:18', '2018-07-14 08:56:18'),
	(527, 52, 41, 0, 1, 6.8, 3.55, 1.48, '2018-07-14 08:56:18', '2018-07-14 08:56:18'),
	(528, 9, 45, 2, 0, 1.02, 17.5, 55, '2018-07-14 08:56:45', '2018-07-14 08:56:45'),
	(529, 14, 68, 2, 0, 1.01, 30, 110, '2018-07-14 08:56:46', '2018-07-14 08:56:46'),
	(530, 19, 45, 0, 2, 20, 8.4, 1.1, '2018-07-14 08:56:46', '2018-07-14 08:56:46'),
	(531, 27, 45, 0, 1, 9, 4, 1.35, '2018-07-14 08:56:46', '2018-07-14 08:56:46'),
	(532, 34, 45, 2, 0, 1.02, 21, 80, '2018-07-14 08:56:46', '2018-07-14 08:56:46'),
	(533, 29, 45, 0, 1, 12.5, 4.1, 1.28, '2018-07-14 08:56:47', '2018-07-14 08:56:47'),
	(534, 31, 45, 1, 0, 1.43, 3.85, 6.6, '2018-07-14 08:56:47', '2018-07-14 08:56:47'),
	(535, 32, 45, 1, 0, 1.14, 6, 19, '2018-07-14 08:56:47', '2018-07-14 08:56:47'),
	(536, 44, 45, 1, 0, 1.81, 3.4, 3.8, '2018-07-14 08:56:47', '2018-07-14 08:56:47'),
	(537, 41, 45, 0, 1, 4.8, 3.25, 1.72, '2018-07-14 08:56:47', '2018-07-14 08:56:47'),
	(538, 46, 45, 0, 1, 5.4, 3.75, 1.52, '2018-07-14 08:56:48', '2018-07-14 08:56:48'),
	(539, 52, 42, 0, 1, 7, 3.55, 1.48, '2018-07-14 08:56:48', '2018-07-14 08:56:48'),
	(540, 9, 45, 2, 0, 1.02, 17.5, 55, '2018-07-14 08:57:15', '2018-07-14 08:57:15'),
	(541, 14, 69, 2, 0, 1.01, 30, 110, '2018-07-14 08:57:16', '2018-07-14 08:57:16'),
	(542, 19, 45, 0, 2, 20, 8.4, 1.1, '2018-07-14 08:57:16', '2018-07-14 08:57:16'),
	(543, 27, 45, 0, 1, 9, 4, 1.35, '2018-07-14 08:57:16', '2018-07-14 08:57:16'),
	(544, 34, 45, 2, 0, 1.02, 21, 80, '2018-07-14 08:57:16', '2018-07-14 08:57:16'),
	(545, 29, 45, 0, 1, 12.5, 4.1, 1.28, '2018-07-14 08:57:16', '2018-07-14 08:57:16'),
	(546, 31, 45, 1, 0, 1.43, 3.85, 6.6, '2018-07-14 08:57:16', '2018-07-14 08:57:16'),
	(547, 32, 45, 1, 0, 1.14, 6, 19, '2018-07-14 08:57:17', '2018-07-14 08:57:17'),
	(548, 44, 45, 1, 0, 1.81, 3.4, 3.8, '2018-07-14 08:57:17', '2018-07-14 08:57:17'),
	(549, 41, 45, 0, 1, 4.8, 3.25, 1.72, '2018-07-14 08:57:17', '2018-07-14 08:57:17'),
	(550, 46, 45, 0, 1, 5.4, 3.75, 1.52, '2018-07-14 08:57:17', '2018-07-14 08:57:17'),
	(551, 52, 42, 0, 1, 7, 3.55, 1.48, '2018-07-14 08:57:18', '2018-07-14 08:57:18'),
	(552, 9, 45, 2, 0, 1.02, 17.5, 55, '2018-07-14 08:57:45', '2018-07-14 08:57:45'),
	(553, 14, 69, 2, 0, 1.01, 32, 110, '2018-07-14 08:57:46', '2018-07-14 08:57:46'),
	(554, 19, 45, 0, 2, 20, 8.4, 1.1, '2018-07-14 08:57:46', '2018-07-14 08:57:46'),
	(555, 27, 45, 0, 1, 9, 4, 1.35, '2018-07-14 08:57:46', '2018-07-14 08:57:46'),
	(556, 34, 45, 2, 0, 1.02, 21, 80, '2018-07-14 08:57:46', '2018-07-14 08:57:46'),
	(557, 29, 45, 0, 1, 12.5, 4.1, 1.28, '2018-07-14 08:57:46', '2018-07-14 08:57:46'),
	(558, 31, 45, 1, 0, 1.43, 3.85, 6.6, '2018-07-14 08:57:46', '2018-07-14 08:57:46'),
	(559, 32, 45, 1, 0, 1.14, 6, 19, '2018-07-14 08:57:47', '2018-07-14 08:57:47'),
	(560, 44, 45, 1, 0, 1.81, 3.4, 3.8, '2018-07-14 08:57:47', '2018-07-14 08:57:47'),
	(561, 41, 46, 0, 1, 4.8, 3.25, 1.72, '2018-07-14 08:57:47', '2018-07-14 08:57:47'),
	(562, 46, 45, 0, 1, 5.4, 3.75, 1.52, '2018-07-14 08:57:47', '2018-07-14 08:57:47'),
	(563, 52, 43, 0, 1, 7, 3.55, 1.48, '2018-07-14 08:57:47', '2018-07-14 08:57:47'),
	(564, 9, 45, 2, 0, 1.02, 17.5, 55, '2018-07-14 08:58:15', '2018-07-14 08:58:15'),
	(565, 14, 70, 2, 0, 1.01, 32, 110, '2018-07-14 08:58:15', '2018-07-14 08:58:15'),
	(566, 19, 45, 0, 2, 20, 8.4, 1.1, '2018-07-14 08:58:16', '2018-07-14 08:58:16'),
	(567, 27, 45, 0, 1, 9, 4, 1.35, '2018-07-14 08:58:16', '2018-07-14 08:58:16'),
	(568, 34, 45, 2, 0, 1.02, 21, 80, '2018-07-14 08:58:16', '2018-07-14 08:58:16'),
	(569, 29, 45, 0, 1, 12.5, 4.1, 1.28, '2018-07-14 08:58:16', '2018-07-14 08:58:16'),
	(570, 31, 45, 1, 0, 1.43, 3.85, 6.6, '2018-07-14 08:58:17', '2018-07-14 08:58:17'),
	(571, 32, 45, 1, 0, 1.14, 6, 19, '2018-07-14 08:58:17', '2018-07-14 08:58:17'),
	(572, 44, 45, 1, 0, 1.81, 3.4, 3.8, '2018-07-14 08:58:17', '2018-07-14 08:58:17'),
	(573, 41, 46, 0, 1, 4.8, 3.25, 1.72, '2018-07-14 08:58:17', '2018-07-14 08:58:17'),
	(574, 46, 45, 0, 1, 5.4, 3.75, 1.52, '2018-07-14 08:58:17', '2018-07-14 08:58:17'),
	(575, 52, 43, 0, 1, 7.2, 3.5, 1.48, '2018-07-14 08:58:18', '2018-07-14 08:58:18'),
	(576, 9, 45, 2, 0, 1.02, 17.5, 55, '2018-07-14 08:58:45', '2018-07-14 08:58:45'),
	(577, 14, 70, 2, 0, 1.01, 32, 110, '2018-07-14 08:58:46', '2018-07-14 08:58:46'),
	(578, 19, 45, 0, 2, 20, 8.4, 1.1, '2018-07-14 08:58:46', '2018-07-14 08:58:46'),
	(579, 27, 45, 0, 1, 9, 4, 1.35, '2018-07-14 08:58:46', '2018-07-14 08:58:46'),
	(580, 34, 45, 2, 0, 1.02, 21, 80, '2018-07-14 08:58:46', '2018-07-14 08:58:46'),
	(581, 29, 45, 0, 1, 12.5, 4.1, 1.28, '2018-07-14 08:58:46', '2018-07-14 08:58:46'),
	(582, 31, 45, 1, 0, 1.43, 3.85, 6.6, '2018-07-14 08:58:47', '2018-07-14 08:58:47'),
	(583, 32, 45, 1, 0, 1.14, 6, 19, '2018-07-14 08:58:47', '2018-07-14 08:58:47'),
	(584, 44, 45, 1, 0, 1.81, 3.4, 3.8, '2018-07-14 08:58:47', '2018-07-14 08:58:47'),
	(585, 41, 47, 0, 1, 5, 3.25, 1.68, '2018-07-14 08:58:47', '2018-07-14 08:58:47'),
	(586, 46, 45, 0, 1, 5.4, 3.75, 1.52, '2018-07-14 08:58:47', '2018-07-14 08:58:47'),
	(587, 52, 44, 0, 1, 7.2, 3.55, 1.48, '2018-07-14 08:58:48', '2018-07-14 08:58:48');
/*!40000 ALTER TABLE `partido_evento` ENABLE KEYS */;

-- Volcando estructura para tabla db_betsson.partido_variable
CREATE TABLE IF NOT EXISTS `partido_variable` (
  `idPartidoVariable` int(11) NOT NULL AUTO_INCREMENT,
  `idPartido` int(11) NOT NULL,
  `minuto` int(11) NOT NULL,
  `a1` float DEFAULT NULL,
  `a2` float DEFAULT NULL,
  `ax` float DEFAULT NULL,
  `created_at` timestamp NULL DEFAULT NULL,
  `updated_at` timestamp NULL DEFAULT NULL,
  `gl` int(11) DEFAULT NULL,
  `gv` int(11) DEFAULT NULL,
  PRIMARY KEY (`idPartidoVariable`),
  KEY `fk_partido_variable_partido1_idx` (`idPartido`),
  CONSTRAINT `fk_partido_variable_partido1` FOREIGN KEY (`idPartido`) REFERENCES `partido` (`idPartido`) ON DELETE NO ACTION ON UPDATE NO ACTION
) ENGINE=InnoDB AUTO_INCREMENT=1143 DEFAULT CHARSET=utf8 COLLATE=utf8_unicode_ci;

-- Volcando datos para la tabla db_betsson.partido_variable: ~26 rows (aproximadamente)
/*!40000 ALTER TABLE `partido_variable` DISABLE KEYS */;
INSERT INTO `partido_variable` (`idPartidoVariable`, `idPartido`, `minuto`, `a1`, `a2`, `ax`, `created_at`, `updated_at`, `gl`, `gv`) VALUES
	(1, 1, 10, 1.5, 7.5, 3.2, '2018-07-13 00:26:28', '2018-07-13 00:26:28', 0, 0),
	(2, 1, 10, 1.5, 7.5, 3.2, '2018-07-13 00:26:41', '2018-07-13 00:26:41', 0, 0),
	(3, 1, 20, 1.5, 7.5, 3.2, '2018-07-13 00:27:50', '2018-07-13 00:27:50', 1, 0),
	(4, 2, 20, 1.5, 7.5, 3.2, '2018-07-14 06:14:38', '2018-07-14 06:14:38', 1, 0),
	(5, 2, 20, 1.5, 7.5, 3.2, '2018-07-14 08:07:06', '2018-07-14 08:07:06', 1, 0),
	(6, 2, 20, 1.5, 7.5, 3.2, '2018-07-14 08:14:58', '2018-07-14 08:14:58', 1, 0),
	(7, 3, 58, 1.08, 34, 8.2, '2018-07-14 08:22:47', '2018-07-14 08:22:47', 2, 1),
	(8, 4, 42, 2.2, 3.85, 2.59, '2018-07-14 08:22:48', '2018-07-14 08:22:48', 0, 0),
	(9, 3, 58, 1.08, 34, 8.2, '2018-07-14 08:28:01', '2018-07-14 08:28:01', 2, 1),
	(10, 4, 42, 2.2, 3.85, 2.59, '2018-07-14 08:28:02', '2018-07-14 08:28:02', 0, 0),
	(11, 3, 58, 1.08, 34, 8.2, '2018-07-14 08:28:59', '2018-07-14 08:28:59', 2, 1),
	(12, 4, 42, 2.2, 3.85, 2.59, '2018-07-14 08:28:59', '2018-07-14 08:28:59', 0, 0),
	(13, 5, 86, 500, 1, 500, '2018-07-14 08:28:59', '2018-07-14 08:28:59', 1, 5),
	(14, 6, 57, 3.65, 2.87, 2.04, '2018-07-14 08:28:59', '2018-07-14 08:28:59', 0, 0),
	(15, 7, 59, 2.9, 3.5, 2.15, '2018-07-14 08:28:59', '2018-07-14 08:28:59', 1, 1),
	(16, 8, 59, 1.08, 43, 7.4, '2018-07-14 08:29:00', '2018-07-14 08:29:00', 2, 1),
	(17, 9, 15, 1.04, 34, 14, '2018-07-14 08:29:00', '2018-07-14 08:29:00', 2, 0),
	(18, 10, 57, 1.06, 42, 10, '2018-07-14 08:29:00', '2018-07-14 08:29:00', 2, 0),
	(19, 3, 58, 1.08, 34, 8.2, '2018-07-14 08:29:28', '2018-07-14 08:29:28', 2, 1),
	(20, 4, 42, 2.2, 3.85, 2.59, '2018-07-14 08:29:28', '2018-07-14 08:29:28', 0, 0),
	(21, 5, 86, 500, 1, 500, '2018-07-14 08:29:28', '2018-07-14 08:29:28', 1, 5),
	(22, 6, 57, 3.65, 2.87, 2.04, '2018-07-14 08:29:28', '2018-07-14 08:29:28', 0, 0),
	(23, 7, 59, 2.9, 3.5, 2.15, '2018-07-14 08:29:28', '2018-07-14 08:29:28', 1, 1),
	(24, 8, 59, 1.08, 43, 7.4, '2018-07-14 08:29:28', '2018-07-14 08:29:28', 2, 1),
	(25, 9, 15, 1.04, 34, 14, '2018-07-14 08:29:28', '2018-07-14 08:29:28', 2, 0),
	(26, 10, 57, 1.06, 42, 10, '2018-07-14 08:29:28', '2018-07-14 08:29:28', 2, 0),
	(27, 3, 77, 1.07, 50, 8.4, '2018-07-14 08:34:05', '2018-07-14 08:34:05', 2, 1),
	(28, 3, 78, 1.07, 55, 8.5, '2018-07-14 08:35:15', '2018-07-14 08:35:15', 2, 1),
	(29, 4, 45, 2.25, 3.75, 2.57, '2018-07-14 08:35:15', '2018-07-14 08:35:15', 0, 0),
	(30, 6, 77, 1.21, 23, 4.6, '2018-07-14 08:35:15', '2018-07-14 08:35:15', 1, 0),
	(31, 7, 78, 4.5, 5.3, 1.45, '2018-07-14 08:35:15', '2018-07-14 08:35:15', 1, 1),
	(32, 10, 77, 1.19, 28, 4.75, '2018-07-14 08:35:15', '2018-07-14 08:35:15', 2, 1),
	(33, 11, 79, 1.17, 25, 5, '2018-07-14 08:35:15', '2018-07-14 08:35:15', 1, 0),
	(34, 9, 35, 1.02, 48, 17, '2018-07-14 08:35:16', '2018-07-14 08:35:16', 2, 0),
	(35, 8, 79, 1, 250, 90, '2018-07-14 08:35:16', '2018-07-14 08:35:16', 3, 1),
	(36, 12, 77, 260, 1, 53, '2018-07-14 08:35:16', '2018-07-14 08:35:16', 0, 2),
	(37, 3, 86, 1.04, 95, 12, '2018-07-14 08:43:15', '2018-07-14 08:43:15', 2, 1),
	(38, 4, 53, 2.43, 3.95, 2.32, '2018-07-14 08:43:15', '2018-07-14 08:43:15', 0, 0),
	(39, 6, 85, 1.09, 70, 6.6, '2018-07-14 08:43:15', '2018-07-14 08:43:15', 1, 0),
	(40, 7, 87, 7.2, 9, 1.18, '2018-07-14 08:43:16', '2018-07-14 08:43:16', 1, 1),
	(41, 10, 85, 1.11, 65, 6, '2018-07-14 08:43:16', '2018-07-14 08:43:16', 2, 1),
	(42, 11, 87, 1.08, 60, 7.6, '2018-07-14 08:43:16', '2018-07-14 08:43:16', 1, 0),
	(43, 9, 43, 1.02, 55, 18, '2018-07-14 08:43:16', '2018-07-14 08:43:16', 2, 0),
	(44, 8, 87, 1, 260, 190, '2018-07-14 08:43:16', '2018-07-14 08:43:16', 3, 1),
	(45, 13, 86, 1.01, 190, 35, '2018-07-14 08:43:16', '2018-07-14 08:43:16', 2, 0),
	(46, 12, 84, 250, 1, 100, '2018-07-14 08:43:16', '2018-07-14 08:43:16', 0, 2),
	(47, 14, 55, 1.14, 22, 5.8, '2018-07-14 08:43:16', '2018-07-14 08:43:16', 1, 0),
	(48, 15, 84, 5.8, 7.2, 1.25, '2018-07-14 08:43:17', '2018-07-14 08:43:17', 1, 1),
	(49, 16, 84, 1.1, 45, 6.8, '2018-07-14 08:43:17', '2018-07-14 08:43:17', 1, 0),
	(50, 17, 86, 1.01, 380, 50, '2018-07-14 08:43:17', '2018-07-14 08:43:17', 3, 1),
	(51, 18, 85, 1.05, 130, 9.6, '2018-07-14 08:43:17', '2018-07-14 08:43:17', 1, 0),
	(52, 19, 41, 18.5, 1.11, 8, '2018-07-14 08:43:17', '2018-07-14 08:43:17', 0, 2),
	(53, 20, 85, 5.1, 6.6, 1.31, '2018-07-14 08:43:17', '2018-07-14 08:43:17', 3, 3),
	(54, 21, 86, 6, 16, 1.16, '2018-07-14 08:43:18', '2018-07-14 08:43:18', 0, 0),
	(55, 22, 82, 5.5, 11, 1.23, '2018-07-14 08:43:18', '2018-07-14 08:43:18', 1, 1),
	(56, 23, 41, 1.98, 3.4, 3.2, '2018-07-14 08:43:18', '2018-07-14 08:43:18', 1, 1),
	(57, 24, 85, 1, 220, 240, '2018-07-14 08:43:18', '2018-07-14 08:43:18', 5, 0),
	(58, 25, 86, 1.02, 500, 170, '2018-07-14 08:43:18', '2018-07-14 08:43:18', 5, 2),
	(59, 26, 85, 5.7, 5.8, 1.32, '2018-07-14 08:43:18', '2018-07-14 08:43:18', 1, 1),
	(60, 27, 42, 8.8, 1.36, 4, '2018-07-14 08:43:18', '2018-07-14 08:43:18', 0, 1),
	(61, 28, 42, 1.93, 4.3, 2.76, '2018-07-14 08:43:18', '2018-07-14 08:43:18', 0, 0),
	(62, 29, 43, 11.5, 1.3, 4.1, '2018-07-14 08:43:19', '2018-07-14 08:43:19', 0, 1),
	(63, 30, 84, 85, 1.08, 7, '2018-07-14 08:43:19', '2018-07-14 08:43:19', 1, 2),
	(64, 31, 38, 1.45, 6.2, 3.85, '2018-07-14 08:43:19', '2018-07-14 08:43:19', 1, 0),
	(65, 32, 41, 1.18, 14.5, 5.5, '2018-07-14 08:43:19', '2018-07-14 08:43:19', 1, 0),
	(66, 33, 41, 2.74, 2.56, 2.79, '2018-07-14 08:43:19', '2018-07-14 08:43:19', 0, 0),
	(67, 34, 42, 1.03, 70, 19, '2018-07-14 08:43:19', '2018-07-14 08:43:19', 2, 0),
	(68, 35, 83, 1.03, 150, 12, '2018-07-14 08:43:19', '2018-07-14 08:43:19', 1, 0),
	(69, 36, 87, 260, 1.02, 19, '2018-07-14 08:43:20', '2018-07-14 08:43:20', 1, 2),
	(70, 37, 58, 2.15, 4.9, 2.3, '2018-07-14 08:43:20', '2018-07-14 08:43:20', 0, 0),
	(71, 38, 80, 7, 4.9, 1.31, '2018-07-14 08:43:20', '2018-07-14 08:43:20', 1, 1),
	(72, 39, 52, 2.7, 3.35, 2.25, '2018-07-14 08:43:20', '2018-07-14 08:43:20', 0, 0),
	(73, 40, 85, 1.02, 500, 340, '2018-07-14 08:43:20', '2018-07-14 08:43:20', 3, 0),
	(74, 41, 44, 4.5, 1.75, 3.25, '2018-07-14 08:43:20', '2018-07-14 08:43:20', 0, 1),
	(75, 42, 86, 220, 1, 240, '2018-07-14 08:43:20', '2018-07-14 08:43:20', 0, 4),
	(76, 43, 86, 1, 210, 240, '2018-07-14 08:43:20', '2018-07-14 08:43:20', 3, 0),
	(77, 44, 42, 1.8, 3.75, 3.45, '2018-07-14 08:43:21', '2018-07-14 08:43:21', 1, 0),
	(78, 45, 40, 1.85, 4.4, 2.91, '2018-07-14 08:43:21', '2018-07-14 08:43:21', 0, 0),
	(79, 46, 39, 4.95, 1.55, 3.8, '2018-07-14 08:43:21', '2018-07-14 08:43:21', 0, 1),
	(80, 47, 10, 1.85, 3.45, 3.8, '2018-07-14 08:43:21', '2018-07-14 08:43:21', 0, 0),
	(81, 48, 82, 3.45, 8, 1.45, '2018-07-14 08:43:21', '2018-07-14 08:43:21', 1, 1),
	(82, 49, 43, 2.35, 3.5, 2.55, '2018-07-14 08:43:21', '2018-07-14 08:43:21', 0, 0),
	(83, 50, 88, 260, 1, 130, '2018-07-14 08:43:21', '2018-07-14 08:43:21', 0, 2),
	(84, 51, 39, 2.22, 3.5, 2.63, '2018-07-14 08:43:21', '2018-07-14 08:43:21', 0, 0),
	(85, 52, 28, 6.2, 1.5, 3.65, '2018-07-14 08:43:22', '2018-07-14 08:43:22', 0, 1),
	(86, 53, 26, 2.66, 3.15, 2.38, '2018-07-14 08:43:22', '2018-07-14 08:43:22', 0, 0),
	(87, 54, 1, 2.6, 2.6, 3.05, '2018-07-14 08:43:22', '2018-07-14 08:43:22', 0, 0),
	(88, 3, 87, 1.04, 95, 12, '2018-07-14 08:43:45', '2018-07-14 08:43:45', 2, 1),
	(89, 4, 54, 2.46, 3.95, 2.29, '2018-07-14 08:43:45', '2018-07-14 08:43:45', 0, 0),
	(90, 6, 85, 1.08, 75, 7, '2018-07-14 08:43:45', '2018-07-14 08:43:45', 1, 0),
	(91, 7, 87, 7.6, 9.5, 1.16, '2018-07-14 08:43:45', '2018-07-14 08:43:45', 1, 1),
	(92, 10, 86, 1.1, 75, 6.4, '2018-07-14 08:43:46', '2018-07-14 08:43:46', 2, 1),
	(93, 11, 88, 1.08, 70, 8, '2018-07-14 08:43:46', '2018-07-14 08:43:46', 1, 0),
	(94, 9, 43, 1.02, 55, 18, '2018-07-14 08:43:46', '2018-07-14 08:43:46', 2, 0),
	(95, 8, 87, 1, 260, 190, '2018-07-14 08:43:46', '2018-07-14 08:43:46', 3, 1),
	(96, 13, 86, 1.01, 220, 36, '2018-07-14 08:43:46', '2018-07-14 08:43:46', 2, 0),
	(97, 12, 84, 250, 1, 100, '2018-07-14 08:43:46', '2018-07-14 08:43:46', 0, 2),
	(98, 14, 55, 1.14, 22, 5.8, '2018-07-14 08:43:46', '2018-07-14 08:43:46', 1, 0),
	(99, 15, 84, 5.8, 7.2, 1.25, '2018-07-14 08:43:46', '2018-07-14 08:43:46', 1, 1),
	(100, 16, 85, 1.1, 46, 6.8, '2018-07-14 08:43:46', '2018-07-14 08:43:46', 1, 0),
	(101, 17, 86, 1.01, 420, 55, '2018-07-14 08:43:46', '2018-07-14 08:43:46', 3, 1),
	(102, 18, 86, 1.04, 140, 10, '2018-07-14 08:43:47', '2018-07-14 08:43:47', 1, 0),
	(103, 19, 41, 18.5, 1.1, 8, '2018-07-14 08:43:47', '2018-07-14 08:43:47', 0, 2),
	(104, 20, 85, 5.1, 6.6, 1.31, '2018-07-14 08:43:47', '2018-07-14 08:43:47', 3, 3),
	(105, 21, 87, 6.4, 17, 1.14, '2018-07-14 08:43:47', '2018-07-14 08:43:47', 0, 0),
	(106, 22, 83, 5.8, 11, 1.22, '2018-07-14 08:43:47', '2018-07-14 08:43:47', 1, 1),
	(107, 23, 41, 1.98, 3.4, 3.2, '2018-07-14 08:43:47', '2018-07-14 08:43:47', 1, 1),
	(108, 24, 85, 1, 220, 240, '2018-07-14 08:43:47', '2018-07-14 08:43:47', 5, 0),
	(109, 25, 86, 1.02, 500, 220, '2018-07-14 08:43:47', '2018-07-14 08:43:47', 5, 2),
	(110, 26, 85, 6, 6, 1.3, '2018-07-14 08:43:47', '2018-07-14 08:43:47', 1, 1),
	(111, 27, 43, 8.8, 1.36, 4, '2018-07-14 08:43:48', '2018-07-14 08:43:48', 0, 1),
	(112, 28, 42, 1.93, 4.3, 2.76, '2018-07-14 08:43:48', '2018-07-14 08:43:48', 0, 0),
	(113, 29, 43, 12, 1.3, 4, '2018-07-14 08:43:48', '2018-07-14 08:43:48', 0, 1),
	(114, 30, 84, 95, 1.07, 7.4, '2018-07-14 08:43:48', '2018-07-14 08:43:48', 1, 2),
	(115, 31, 38, 1.45, 6.2, 3.85, '2018-07-14 08:43:48', '2018-07-14 08:43:48', 1, 0),
	(116, 32, 41, 1.18, 14.5, 5.5, '2018-07-14 08:43:49', '2018-07-14 08:43:49', 1, 0),
	(117, 33, 41, 2.75, 2.58, 2.76, '2018-07-14 08:43:49', '2018-07-14 08:43:49', 0, 0),
	(118, 34, 43, 1.03, 70, 19, '2018-07-14 08:43:49', '2018-07-14 08:43:49', 2, 0),
	(119, 35, 84, 1.03, 160, 13, '2018-07-14 08:43:49', '2018-07-14 08:43:49', 1, 0),
	(120, 36, 87, 260, 1.02, 19, '2018-07-14 08:43:49', '2018-07-14 08:43:49', 1, 2),
	(121, 37, 58, 2.15, 4.9, 2.3, '2018-07-14 08:43:49', '2018-07-14 08:43:49', 0, 0),
	(122, 38, 80, 7.2, 5.1, 1.29, '2018-07-14 08:43:49', '2018-07-14 08:43:49', 1, 1),
	(123, 39, 53, 2.7, 3.4, 2.24, '2018-07-14 08:43:49', '2018-07-14 08:43:49', 0, 0),
	(124, 40, 86, 1.02, 500, 380, '2018-07-14 08:43:49', '2018-07-14 08:43:49', 3, 0),
	(125, 41, 44, 4.5, 1.75, 3.3, '2018-07-14 08:43:50', '2018-07-14 08:43:50', 0, 1),
	(126, 42, 86, 220, 1, 240, '2018-07-14 08:43:50', '2018-07-14 08:43:50', 0, 4),
	(127, 43, 87, 1, 210, 250, '2018-07-14 08:43:50', '2018-07-14 08:43:50', 3, 0),
	(128, 44, 42, 1.79, 3.75, 3.5, '2018-07-14 08:43:50', '2018-07-14 08:43:50', 1, 0),
	(129, 45, 41, 1.86, 4.4, 2.9, '2018-07-14 08:43:50', '2018-07-14 08:43:50', 0, 0),
	(130, 46, 39, 4.95, 1.55, 3.8, '2018-07-14 08:43:50', '2018-07-14 08:43:50', 0, 1),
	(131, 47, 10, 1.85, 3.45, 3.8, '2018-07-14 08:43:50', '2018-07-14 08:43:50', 0, 0),
	(132, 48, 82, 3.5, 8, 1.45, '2018-07-14 08:43:50', '2018-07-14 08:43:50', 1, 1),
	(133, 49, 43, 2.35, 3.5, 2.55, '2018-07-14 08:43:50', '2018-07-14 08:43:50', 0, 0),
	(134, 50, 89, 260, 1, 150, '2018-07-14 08:43:50', '2018-07-14 08:43:50', 0, 2),
	(135, 51, 39, 2.23, 3.5, 2.63, '2018-07-14 08:43:51', '2018-07-14 08:43:51', 0, 0),
	(136, 52, 29, 5.8, 1.55, 3.55, '2018-07-14 08:43:51', '2018-07-14 08:43:51', 0, 1),
	(137, 53, 27, 2.67, 3.15, 2.37, '2018-07-14 08:43:51', '2018-07-14 08:43:51', 0, 0),
	(138, 54, 1, 1.6, 5, 3.6, '2018-07-14 08:43:51', '2018-07-14 08:43:51', 0, 0),
	(139, 3, 87, 1.03, 100, 12.5, '2018-07-14 08:44:15', '2018-07-14 08:44:15', 2, 1),
	(140, 4, 54, 2.46, 3.95, 2.29, '2018-07-14 08:44:16', '2018-07-14 08:44:16', 0, 0),
	(141, 6, 86, 1.07, 90, 7.4, '2018-07-14 08:44:17', '2018-07-14 08:44:17', 1, 0),
	(142, 7, 88, 8, 10, 1.15, '2018-07-14 08:44:17', '2018-07-14 08:44:17', 1, 1),
	(143, 10, 86, 1.09, 85, 6.8, '2018-07-14 08:44:17', '2018-07-14 08:44:17', 2, 1),
	(144, 9, 44, 1.02, 55, 18, '2018-07-14 08:44:17', '2018-07-14 08:44:17', 2, 0),
	(145, 8, 89, 1, 210, 220, '2018-07-14 08:44:17', '2018-07-14 08:44:17', 3, 1),
	(146, 13, 86, 1.01, 250, 40, '2018-07-14 08:44:17', '2018-07-14 08:44:17', 2, 0),
	(147, 12, 85, 260, 1, 110, '2018-07-14 08:44:17', '2018-07-14 08:44:17', 0, 2),
	(148, 14, 56, 1.01, 80, 22, '2018-07-14 08:44:17', '2018-07-14 08:44:17', 2, 0),
	(149, 15, 85, 6.2, 7.8, 1.22, '2018-07-14 08:44:18', '2018-07-14 08:44:18', 1, 1),
	(150, 16, 85, 1.1, 50, 7, '2018-07-14 08:44:18', '2018-07-14 08:44:18', 1, 0),
	(151, 17, 87, 1.01, 480, 60, '2018-07-14 08:44:18', '2018-07-14 08:44:18', 3, 1),
	(152, 18, 86, 1.04, 140, 10, '2018-07-14 08:44:18', '2018-07-14 08:44:18', 1, 0),
	(153, 19, 42, 19, 1.1, 8, '2018-07-14 08:44:18', '2018-07-14 08:44:18', 0, 2),
	(154, 20, 86, 5.7, 7.2, 1.25, '2018-07-14 08:44:18', '2018-07-14 08:44:18', 3, 3),
	(155, 21, 88, 7.6, 21, 1.1, '2018-07-14 08:44:18', '2018-07-14 08:44:18', 0, 0),
	(156, 22, 83, 6.2, 12, 1.2, '2018-07-14 08:44:18', '2018-07-14 08:44:18', 1, 1),
	(157, 23, 42, 1.99, 3.4, 3.15, '2018-07-14 08:44:19', '2018-07-14 08:44:19', 1, 1),
	(158, 24, 85, 1, 220, 240, '2018-07-14 08:44:19', '2018-07-14 08:44:19', 5, 0),
	(159, 25, 87, 1.02, 500, 260, '2018-07-14 08:44:19', '2018-07-14 08:44:19', 5, 2),
	(160, 26, 86, 6, 6.2, 1.3, '2018-07-14 08:44:19', '2018-07-14 08:44:19', 1, 1),
	(161, 27, 44, 8.8, 1.36, 4, '2018-07-14 08:44:19', '2018-07-14 08:44:19', 0, 1),
	(162, 28, 43, 1.94, 4.3, 2.74, '2018-07-14 08:44:20', '2018-07-14 08:44:20', 0, 0),
	(163, 29, 44, 12, 1.3, 4, '2018-07-14 08:44:20', '2018-07-14 08:44:20', 0, 1),
	(164, 30, 86, 110, 1.06, 8.4, '2018-07-14 08:44:20', '2018-07-14 08:44:20', 1, 2),
	(165, 31, 39, 1.45, 6.2, 3.85, '2018-07-14 08:44:20', '2018-07-14 08:44:20', 1, 0),
	(166, 32, 42, 1.16, 15.5, 5.8, '2018-07-14 08:44:20', '2018-07-14 08:44:20', 1, 0),
	(167, 33, 41, 2.75, 2.58, 2.76, '2018-07-14 08:44:21', '2018-07-14 08:44:21', 0, 0),
	(168, 34, 43, 1.02, 70, 20, '2018-07-14 08:44:21', '2018-07-14 08:44:21', 2, 0),
	(169, 36, 88, 230, 1.02, 21, '2018-07-14 08:44:21', '2018-07-14 08:44:21', 1, 2),
	(170, 35, 85, 1.03, 180, 14, '2018-07-14 08:44:21', '2018-07-14 08:44:21', 1, 0),
	(171, 37, 59, 2.2, 5, 2.25, '2018-07-14 08:44:21', '2018-07-14 08:44:21', 0, 0),
	(172, 38, 81, 7.4, 5.3, 1.27, '2018-07-14 08:44:21', '2018-07-14 08:44:21', 1, 1),
	(173, 39, 54, 2.72, 3.4, 2.22, '2018-07-14 08:44:21', '2018-07-14 08:44:21', 0, 0),
	(174, 40, 86, 1.02, 500, 440, '2018-07-14 08:44:21', '2018-07-14 08:44:21', 3, 0),
	(175, 41, 45, 4.6, 1.75, 3.25, '2018-07-14 08:44:22', '2018-07-14 08:44:22', 0, 1),
	(176, 42, 87, 220, 1, 240, '2018-07-14 08:44:22', '2018-07-14 08:44:22', 0, 4),
	(177, 43, 88, 1, 220, 250, '2018-07-14 08:44:22', '2018-07-14 08:44:22', 3, 0),
	(178, 44, 43, 1.79, 3.8, 3.45, '2018-07-14 08:44:22', '2018-07-14 08:44:22', 1, 0),
	(179, 45, 42, 1.86, 4.4, 2.88, '2018-07-14 08:44:22', '2018-07-14 08:44:22', 0, 0),
	(180, 46, 40, 4.95, 1.55, 3.8, '2018-07-14 08:44:22', '2018-07-14 08:44:22', 0, 1),
	(181, 47, 11, 1.85, 3.45, 3.8, '2018-07-14 08:44:22', '2018-07-14 08:44:22', 0, 0),
	(182, 48, 83, 3.6, 8.4, 1.42, '2018-07-14 08:44:23', '2018-07-14 08:44:23', 1, 1),
	(183, 49, 44, 2.35, 3.55, 2.55, '2018-07-14 08:44:23', '2018-07-14 08:44:23', 0, 0),
	(184, 50, 89, 260, 1, 170, '2018-07-14 08:44:23', '2018-07-14 08:44:23', 0, 2),
	(185, 51, 40, 2.24, 3.55, 2.62, '2018-07-14 08:44:23', '2018-07-14 08:44:23', 0, 0),
	(186, 52, 29, 5.8, 1.55, 3.6, '2018-07-14 08:44:23', '2018-07-14 08:44:23', 0, 1),
	(187, 53, 27, 2.67, 3.15, 2.37, '2018-07-14 08:44:23', '2018-07-14 08:44:23', 0, 0),
	(188, 54, 2, 1.6, 5, 3.6, '2018-07-14 08:44:23', '2018-07-14 08:44:23', 0, 0),
	(189, 55, 11, 2.54, 2.43, 3.25, '2018-07-14 08:44:24', '2018-07-14 08:44:24', 0, 0),
	(190, 3, 88, 1.03, 100, 13, '2018-07-14 08:44:45', '2018-07-14 08:44:45', 2, 1),
	(191, 4, 54, 2.47, 3.95, 2.28, '2018-07-14 08:44:45', '2018-07-14 08:44:45', 0, 0),
	(192, 6, 87, 1.07, 100, 7.8, '2018-07-14 08:44:46', '2018-07-14 08:44:46', 1, 0),
	(193, 10, 86, 1.09, 85, 6.8, '2018-07-14 08:44:46', '2018-07-14 08:44:46', 2, 1),
	(194, 9, 44, 1.02, 55, 18, '2018-07-14 08:44:46', '2018-07-14 08:44:46', 2, 0),
	(195, 8, 89, 1, 220, 230, '2018-07-14 08:44:46', '2018-07-14 08:44:46', 3, 1),
	(196, 13, 86, 1.01, 300, 44, '2018-07-14 08:44:46', '2018-07-14 08:44:46', 2, 0),
	(197, 12, 86, 260, 1, 120, '2018-07-14 08:44:46', '2018-07-14 08:44:46', 0, 2),
	(198, 14, 56, 1.01, 85, 22, '2018-07-14 08:44:46', '2018-07-14 08:44:46', 2, 0),
	(199, 15, 85, 7.2, 9, 1.17, '2018-07-14 08:44:46', '2018-07-14 08:44:46', 1, 1),
	(200, 16, 86, 1.09, 55, 7.2, '2018-07-14 08:44:47', '2018-07-14 08:44:47', 1, 0),
	(201, 17, 87, 1.01, 500, 65, '2018-07-14 08:44:47', '2018-07-14 08:44:47', 3, 1),
	(202, 18, 87, 1.04, 150, 10, '2018-07-14 08:44:47', '2018-07-14 08:44:47', 1, 0),
	(203, 19, 42, 20, 1.1, 8.2, '2018-07-14 08:44:47', '2018-07-14 08:44:47', 0, 2),
	(204, 20, 86, 6.2, 7.8, 1.22, '2018-07-14 08:44:47', '2018-07-14 08:44:47', 3, 3),
	(205, 21, 88, 7.6, 21, 1.1, '2018-07-14 08:44:47', '2018-07-14 08:44:47', 0, 0),
	(206, 22, 83, 6.2, 12, 1.19, '2018-07-14 08:44:47', '2018-07-14 08:44:47', 1, 1),
	(207, 23, 42, 1.99, 3.4, 3.15, '2018-07-14 08:44:47', '2018-07-14 08:44:47', 1, 1),
	(208, 24, 86, 1, 220, 240, '2018-07-14 08:44:47', '2018-07-14 08:44:47', 5, 0),
	(209, 25, 88, 1.02, 500, 320, '2018-07-14 08:44:48', '2018-07-14 08:44:48', 5, 2),
	(210, 26, 87, 6.4, 6.4, 1.26, '2018-07-14 08:44:48', '2018-07-14 08:44:48', 1, 1),
	(211, 27, 44, 9, 1.35, 4, '2018-07-14 08:44:48', '2018-07-14 08:44:48', 0, 1),
	(212, 28, 44, 1.95, 4.3, 2.72, '2018-07-14 08:44:49', '2018-07-14 08:44:49', 0, 0),
	(213, 29, 44, 12, 1.3, 4, '2018-07-14 08:44:50', '2018-07-14 08:44:50', 0, 1),
	(214, 30, 86, 110, 1.06, 8.4, '2018-07-14 08:44:50', '2018-07-14 08:44:50', 1, 2),
	(215, 31, 40, 1.44, 6.4, 3.85, '2018-07-14 08:44:51', '2018-07-14 08:44:51', 1, 0),
	(216, 32, 42, 1.16, 15.5, 5.8, '2018-07-14 08:44:51', '2018-07-14 08:44:51', 1, 0),
	(217, 33, 42, 2.76, 2.58, 2.74, '2018-07-14 08:44:51', '2018-07-14 08:44:51', 0, 0),
	(218, 34, 44, 1.02, 70, 20, '2018-07-14 08:44:51', '2018-07-14 08:44:51', 2, 0),
	(219, 36, 88, 250, 1.02, 22, '2018-07-14 08:44:51', '2018-07-14 08:44:51', 1, 2),
	(220, 35, 85, 1.03, 180, 14, '2018-07-14 08:44:51', '2018-07-14 08:44:51', 1, 0),
	(221, 37, 59, 2.2, 5, 2.25, '2018-07-14 08:44:52', '2018-07-14 08:44:52', 0, 0),
	(222, 38, 81, 8.8, 5.7, 1.23, '2018-07-14 08:44:52', '2018-07-14 08:44:52', 1, 1),
	(223, 39, 54, 2.72, 3.4, 2.22, '2018-07-14 08:44:52', '2018-07-14 08:44:52', 0, 0),
	(224, 40, 87, 1.02, 500, 500, '2018-07-14 08:44:52', '2018-07-14 08:44:52', 3, 0),
	(225, 41, 45, 4.8, 1.72, 3.25, '2018-07-14 08:44:52', '2018-07-14 08:44:52', 0, 1),
	(226, 42, 87, 220, 1, 240, '2018-07-14 08:44:52', '2018-07-14 08:44:52', 0, 4),
	(227, 43, 88, 1, 220, 260, '2018-07-14 08:44:52', '2018-07-14 08:44:52', 3, 0),
	(228, 44, 43, 1.79, 3.8, 3.45, '2018-07-14 08:44:53', '2018-07-14 08:44:53', 1, 0),
	(229, 45, 42, 1.86, 4.4, 2.88, '2018-07-14 08:44:53', '2018-07-14 08:44:53', 0, 0),
	(230, 46, 41, 5, 1.54, 3.8, '2018-07-14 08:44:53', '2018-07-14 08:44:53', 0, 1),
	(231, 47, 12, 1.85, 3.45, 3.75, '2018-07-14 08:44:53', '2018-07-14 08:44:53', 0, 0),
	(232, 48, 83, 3.75, 8.6, 1.4, '2018-07-14 08:44:53', '2018-07-14 08:44:53', 1, 1),
	(233, 49, 44, 2.35, 3.55, 2.55, '2018-07-14 08:44:53', '2018-07-14 08:44:53', 0, 0),
	(234, 50, 90, 260, 1, 190, '2018-07-14 08:44:53', '2018-07-14 08:44:53', 0, 2),
	(235, 51, 40, 2.24, 3.55, 2.6, '2018-07-14 08:44:53', '2018-07-14 08:44:53', 0, 0),
	(236, 52, 30, 5.9, 1.55, 3.55, '2018-07-14 08:44:53', '2018-07-14 08:44:53', 0, 1),
	(237, 53, 28, 2.67, 3.15, 2.37, '2018-07-14 08:44:54', '2018-07-14 08:44:54', 0, 0),
	(238, 54, 3, 1.6, 5, 3.6, '2018-07-14 08:44:54', '2018-07-14 08:44:54', 0, 0),
	(239, 55, 11, 2.55, 2.43, 3.25, '2018-07-14 08:44:54', '2018-07-14 08:44:54', 0, 0),
	(240, 4, 55, 2.48, 3.95, 2.26, '2018-07-14 08:45:15', '2018-07-14 08:45:15', 0, 0),
	(241, 6, 87, 1.07, 100, 7.8, '2018-07-14 08:45:15', '2018-07-14 08:45:15', 1, 0),
	(242, 10, 87, 1.07, 100, 7.4, '2018-07-14 08:45:15', '2018-07-14 08:45:15', 2, 1),
	(243, 13, 88, 1.01, 350, 48, '2018-07-14 08:45:15', '2018-07-14 08:45:15', 2, 0),
	(244, 9, 44, 1.02, 55, 18, '2018-07-14 08:45:16', '2018-07-14 08:45:16', 2, 0),
	(245, 8, 89, 1, 220, 230, '2018-07-14 08:45:16', '2018-07-14 08:45:16', 3, 1),
	(246, 12, 86, 260, 1, 130, '2018-07-14 08:45:16', '2018-07-14 08:45:16', 0, 2),
	(247, 14, 57, 1.01, 85, 22, '2018-07-14 08:45:16', '2018-07-14 08:45:16', 2, 0),
	(248, 18, 87, 5.1, 13, 1.22, '2018-07-14 08:45:16', '2018-07-14 08:45:16', 1, 0),
	(249, 15, 86, 7.2, 9, 1.17, '2018-07-14 08:45:16', '2018-07-14 08:45:16', 1, 1),
	(250, 16, 86, 1.09, 55, 7.6, '2018-07-14 08:45:17', '2018-07-14 08:45:17', 1, 0),
	(251, 20, 87, 6.2, 7.8, 1.22, '2018-07-14 08:45:17', '2018-07-14 08:45:17', 3, 3),
	(252, 19, 43, 20, 1.1, 8.2, '2018-07-14 08:45:17', '2018-07-14 08:45:17', 0, 2),
	(253, 17, 88, 1.01, 500, 70, '2018-07-14 08:45:17', '2018-07-14 08:45:17', 3, 1),
	(254, 21, 88, 7.6, 21, 1.1, '2018-07-14 08:45:17', '2018-07-14 08:45:17', 0, 0),
	(255, 22, 84, 6.2, 12, 1.19, '2018-07-14 08:45:17', '2018-07-14 08:45:17', 1, 1),
	(256, 26, 87, 6.6, 6.8, 1.25, '2018-07-14 08:45:17', '2018-07-14 08:45:17', 1, 1),
	(257, 23, 43, 2, 3.4, 3.15, '2018-07-14 08:45:17', '2018-07-14 08:45:17', 1, 1),
	(258, 27, 45, 9, 1.35, 4, '2018-07-14 08:45:18', '2018-07-14 08:45:18', 0, 1),
	(259, 24, 87, 1, 220, 240, '2018-07-14 08:45:18', '2018-07-14 08:45:18', 5, 0),
	(260, 35, 85, 1.03, 210, 14, '2018-07-14 08:45:18', '2018-07-14 08:45:18', 1, 0),
	(261, 30, 86, 110, 1.06, 8.4, '2018-07-14 08:45:18', '2018-07-14 08:45:18', 1, 2),
	(262, 29, 45, 12, 1.3, 4, '2018-07-14 08:45:18', '2018-07-14 08:45:18', 0, 1),
	(263, 34, 44, 1.02, 70, 20, '2018-07-14 08:45:18', '2018-07-14 08:45:18', 2, 0),
	(264, 36, 89, 325, 1.01, 27, '2018-07-14 08:45:19', '2018-07-14 08:45:19', 1, 2),
	(265, 37, 60, 2.2, 5, 2.25, '2018-07-14 08:45:19', '2018-07-14 08:45:19', 0, 0),
	(266, 31, 40, 1.44, 6.4, 3.85, '2018-07-14 08:45:19', '2018-07-14 08:45:19', 1, 0),
	(267, 28, 44, 1.96, 4.3, 2.7, '2018-07-14 08:45:19', '2018-07-14 08:45:19', 0, 0),
	(268, 32, 43, 1.16, 15.5, 5.7, '2018-07-14 08:45:19', '2018-07-14 08:45:19', 1, 0),
	(269, 38, 82, 9.4, 6, 1.2, '2018-07-14 08:45:19', '2018-07-14 08:45:19', 1, 1),
	(270, 33, 43, 2.77, 2.58, 2.73, '2018-07-14 08:45:19', '2018-07-14 08:45:19', 0, 0),
	(271, 41, 45, 4.8, 1.72, 3.25, '2018-07-14 08:45:20', '2018-07-14 08:45:20', 0, 1),
	(272, 39, 54, 2.74, 3.4, 2.21, '2018-07-14 08:45:20', '2018-07-14 08:45:20', 0, 0),
	(273, 40, 87, 1.02, 500, 500, '2018-07-14 08:45:20', '2018-07-14 08:45:20', 3, 0),
	(274, 48, 84, 3.85, 8.8, 1.38, '2018-07-14 08:45:20', '2018-07-14 08:45:20', 1, 1),
	(275, 44, 44, 1.78, 3.85, 3.45, '2018-07-14 08:45:20', '2018-07-14 08:45:20', 1, 0),
	(276, 43, 89, 1, 220, 260, '2018-07-14 08:45:20', '2018-07-14 08:45:20', 3, 0),
	(277, 42, 88, 220, 1, 240, '2018-07-14 08:45:20', '2018-07-14 08:45:20', 0, 4),
	(278, 45, 42, 1.87, 4.4, 2.86, '2018-07-14 08:45:20', '2018-07-14 08:45:20', 0, 0),
	(279, 47, 12, 1.85, 3.45, 3.75, '2018-07-14 08:45:20', '2018-07-14 08:45:20', 0, 0),
	(280, 46, 41, 5, 1.54, 3.8, '2018-07-14 08:45:21', '2018-07-14 08:45:21', 0, 1),
	(281, 50, 90, 220, 1, 220, '2018-07-14 08:45:21', '2018-07-14 08:45:21', 0, 2),
	(282, 49, 44, 2.35, 3.55, 2.55, '2018-07-14 08:45:21', '2018-07-14 08:45:21', 0, 0),
	(283, 55, 12, 2.55, 2.43, 3.25, '2018-07-14 08:45:21', '2018-07-14 08:45:21', 0, 0),
	(284, 51, 40, 2.24, 3.55, 2.6, '2018-07-14 08:45:21', '2018-07-14 08:45:21', 0, 0),
	(285, 52, 30, 5.9, 1.55, 3.55, '2018-07-14 08:45:21', '2018-07-14 08:45:21', 0, 1),
	(286, 53, 28, 2.68, 3.15, 2.35, '2018-07-14 08:45:21', '2018-07-14 08:45:21', 0, 0),
	(287, 54, 3, 1.6, 5, 3.6, '2018-07-14 08:45:21', '2018-07-14 08:45:21', 0, 0),
	(288, 4, 55, 2.5, 3.95, 2.25, '2018-07-14 08:45:45', '2018-07-14 08:45:45', 0, 0),
	(289, 6, 87, 1.06, 110, 8.4, '2018-07-14 08:45:45', '2018-07-14 08:45:45', 1, 0),
	(290, 10, 88, 1.06, 110, 8, '2018-07-14 08:45:46', '2018-07-14 08:45:46', 2, 1),
	(291, 9, 45, 1.02, 55, 18, '2018-07-14 08:45:46', '2018-07-14 08:45:46', 2, 0),
	(292, 8, 89, 1, 220, 240, '2018-07-14 08:45:46', '2018-07-14 08:45:46', 3, 1),
	(293, 12, 87, 260, 1, 140, '2018-07-14 08:45:46', '2018-07-14 08:45:46', 0, 2),
	(294, 14, 57, 1.01, 85, 23, '2018-07-14 08:45:46', '2018-07-14 08:45:46', 2, 0),
	(295, 18, 87, 6.6, 12, 1.16, '2018-07-14 08:45:46', '2018-07-14 08:45:46', 1, 0),
	(296, 15, 86, 7.2, 9, 1.17, '2018-07-14 08:45:46', '2018-07-14 08:45:46', 1, 1),
	(297, 16, 87, 1.08, 60, 7.8, '2018-07-14 08:45:47', '2018-07-14 08:45:47', 1, 0),
	(298, 20, 87, 6.6, 8.6, 1.19, '2018-07-14 08:45:47', '2018-07-14 08:45:47', 3, 3),
	(299, 19, 45, 20, 1.1, 8.4, '2018-07-14 08:45:47', '2018-07-14 08:45:47', 0, 2),
	(300, 21, 88, 8.2, 22, 1.09, '2018-07-14 08:45:47', '2018-07-14 08:45:47', 0, 0),
	(301, 22, 84, 6.6, 13, 1.17, '2018-07-14 08:45:47', '2018-07-14 08:45:47', 1, 1),
	(302, 26, 88, 7, 7.2, 1.22, '2018-07-14 08:45:47', '2018-07-14 08:45:47', 1, 1),
	(303, 23, 43, 2, 3.4, 3.15, '2018-07-14 08:45:48', '2018-07-14 08:45:48', 1, 1),
	(304, 27, 45, 9.5, 1.34, 4, '2018-07-14 08:45:48', '2018-07-14 08:45:48', 0, 1),
	(305, 24, 87, 1, 230, 230, '2018-07-14 08:45:48', '2018-07-14 08:45:48', 5, 0),
	(306, 35, 86, 1.03, 190, 15, '2018-07-14 08:45:48', '2018-07-14 08:45:48', 1, 0),
	(307, 30, 87, 140, 1.05, 9.4, '2018-07-14 08:45:49', '2018-07-14 08:45:49', 1, 2),
	(308, 29, 45, 12.5, 1.28, 4.1, '2018-07-14 08:45:50', '2018-07-14 08:45:50', 0, 1),
	(309, 34, 45, 1.02, 75, 20, '2018-07-14 08:45:50', '2018-07-14 08:45:50', 2, 0),
	(310, 36, 90, 325, 1.01, 31, '2018-07-14 08:45:50', '2018-07-14 08:45:50', 1, 2),
	(311, 37, 60, 2.25, 5, 2.2, '2018-07-14 08:45:50', '2018-07-14 08:45:50', 0, 0),
	(312, 31, 41, 1.44, 6.4, 3.85, '2018-07-14 08:45:50', '2018-07-14 08:45:50', 1, 0),
	(313, 28, 45, 1.96, 4.35, 2.68, '2018-07-14 08:45:51', '2018-07-14 08:45:51', 0, 0),
	(314, 32, 43, 1.16, 15.5, 5.7, '2018-07-14 08:45:51', '2018-07-14 08:45:51', 1, 0),
	(315, 38, 82, 9.4, 6, 1.2, '2018-07-14 08:45:51', '2018-07-14 08:45:51', 1, 1),
	(316, 33, 43, 2.78, 2.59, 2.71, '2018-07-14 08:45:51', '2018-07-14 08:45:51', 0, 0),
	(317, 41, 45, 4.8, 1.72, 3.25, '2018-07-14 08:45:51', '2018-07-14 08:45:51', 0, 1),
	(318, 39, 55, 2.75, 3.4, 2.19, '2018-07-14 08:45:51', '2018-07-14 08:45:51', 0, 0),
	(319, 40, 88, 1.02, 500, 500, '2018-07-14 08:45:51', '2018-07-14 08:45:51', 3, 0),
	(320, 48, 84, 4, 9, 1.35, '2018-07-14 08:45:51', '2018-07-14 08:45:51', 1, 1),
	(321, 44, 44, 1.78, 3.85, 3.45, '2018-07-14 08:45:51', '2018-07-14 08:45:51', 1, 0),
	(322, 43, 89, 1, 220, 260, '2018-07-14 08:45:52', '2018-07-14 08:45:52', 3, 0),
	(323, 42, 88, 220, 1, 240, '2018-07-14 08:45:52', '2018-07-14 08:45:52', 0, 4),
	(324, 45, 43, 1.88, 4.4, 2.84, '2018-07-14 08:45:52', '2018-07-14 08:45:52', 0, 0),
	(325, 47, 12, 1.85, 3.45, 3.75, '2018-07-14 08:45:52', '2018-07-14 08:45:52', 0, 0),
	(326, 46, 42, 5, 1.54, 3.8, '2018-07-14 08:45:52', '2018-07-14 08:45:52', 0, 1),
	(327, 50, 91, 220, 1, 220, '2018-07-14 08:45:52', '2018-07-14 08:45:52', 0, 2),
	(328, 49, 45, 2.4, 3.6, 2.45, '2018-07-14 08:45:52', '2018-07-14 08:45:52', 0, 0),
	(329, 55, 12, 2.55, 2.43, 3.25, '2018-07-14 08:45:52', '2018-07-14 08:45:52', 0, 0),
	(330, 51, 41, 2.26, 3.55, 2.58, '2018-07-14 08:45:53', '2018-07-14 08:45:53', 0, 0),
	(331, 52, 31, 5.9, 1.55, 3.55, '2018-07-14 08:45:53', '2018-07-14 08:45:53', 0, 1),
	(332, 53, 29, 1.36, 8.4, 3.95, '2018-07-14 08:45:53', '2018-07-14 08:45:53', 0, 0),
	(333, 54, 3, 1.75, 4.3, 3.4, '2018-07-14 08:45:53', '2018-07-14 08:45:53', 0, 0),
	(334, 4, 56, 2.51, 4, 2.23, '2018-07-14 08:46:15', '2018-07-14 08:46:15', 0, 0),
	(335, 6, 88, 1.05, 130, 9.6, '2018-07-14 08:46:15', '2018-07-14 08:46:15', 1, 0),
	(336, 10, 88, 1.06, 130, 8.8, '2018-07-14 08:46:15', '2018-07-14 08:46:15', 2, 1),
	(337, 9, 46, 1.02, 55, 17, '2018-07-14 08:46:15', '2018-07-14 08:46:15', 2, 0),
	(338, 8, 90, 1, 220, 250, '2018-07-14 08:46:16', '2018-07-14 08:46:16', 3, 1),
	(339, 12, 87, 260, 1, 140, '2018-07-14 08:46:16', '2018-07-14 08:46:16', 0, 2),
	(340, 14, 58, 1.01, 85, 23, '2018-07-14 08:46:16', '2018-07-14 08:46:16', 2, 0),
	(341, 18, 88, 6.6, 12, 1.16, '2018-07-14 08:46:16', '2018-07-14 08:46:16', 1, 1),
	(342, 15, 86, 7.8, 9.8, 1.14, '2018-07-14 08:46:16', '2018-07-14 08:46:16', 1, 1),
	(343, 16, 87, 1.07, 65, 8.2, '2018-07-14 08:46:16', '2018-07-14 08:46:16', 1, 0),
	(344, 20, 88, 7.2, 9.6, 1.16, '2018-07-14 08:46:16', '2018-07-14 08:46:16', 3, 3),
	(345, 19, 45, 20, 1.1, 8.4, '2018-07-14 08:46:16', '2018-07-14 08:46:16', 0, 2),
	(346, 21, 89, 9.4, 25, 1.07, '2018-07-14 08:46:17', '2018-07-14 08:46:17', 0, 0),
	(347, 22, 85, 7, 14, 1.16, '2018-07-14 08:46:17', '2018-07-14 08:46:17', 1, 1),
	(348, 23, 43, 2, 3.45, 3.1, '2018-07-14 08:46:17', '2018-07-14 08:46:17', 1, 1),
	(349, 27, 45, 9, 1.35, 4, '2018-07-14 08:46:17', '2018-07-14 08:46:17', 0, 1),
	(350, 24, 88, 1, 230, 240, '2018-07-14 08:46:17', '2018-07-14 08:46:17', 5, 0),
	(351, 35, 86, 1.03, 200, 16, '2018-07-14 08:46:17', '2018-07-14 08:46:17', 1, 0),
	(352, 30, 87, 140, 1.05, 10, '2018-07-14 08:46:17', '2018-07-14 08:46:17', 1, 2),
	(353, 29, 46, 12.5, 1.28, 4.1, '2018-07-14 08:46:18', '2018-07-14 08:46:18', 0, 1),
	(354, 34, 45, 1.02, 75, 20, '2018-07-14 08:46:18', '2018-07-14 08:46:18', 2, 0),
	(355, 36, 90, 270, 1.01, 36, '2018-07-14 08:46:18', '2018-07-14 08:46:18', 1, 2),
	(356, 37, 61, 2.25, 5, 2.2, '2018-07-14 08:46:18', '2018-07-14 08:46:18', 0, 0),
	(357, 31, 41, 1.44, 6.4, 3.85, '2018-07-14 08:46:18', '2018-07-14 08:46:18', 1, 0),
	(358, 28, 45, 1.96, 4.35, 2.68, '2018-07-14 08:46:18', '2018-07-14 08:46:18', 0, 0),
	(359, 32, 44, 1.16, 16, 5.7, '2018-07-14 08:46:19', '2018-07-14 08:46:19', 1, 0),
	(360, 38, 83, 10, 6.4, 1.18, '2018-07-14 08:46:19', '2018-07-14 08:46:19', 1, 1),
	(361, 33, 44, 2.79, 2.6, 2.7, '2018-07-14 08:46:19', '2018-07-14 08:46:19', 0, 0),
	(362, 41, 45, 4.8, 1.72, 3.25, '2018-07-14 08:46:19', '2018-07-14 08:46:19', 0, 1),
	(363, 39, 55, 2.77, 3.45, 2.17, '2018-07-14 08:46:19', '2018-07-14 08:46:19', 0, 0),
	(364, 48, 85, 4.1, 9.5, 1.34, '2018-07-14 08:46:19', '2018-07-14 08:46:19', 1, 1),
	(365, 44, 45, 1.76, 3.95, 3.45, '2018-07-14 08:46:19', '2018-07-14 08:46:19', 1, 0),
	(366, 43, 89, 1, 220, 260, '2018-07-14 08:46:19', '2018-07-14 08:46:19', 3, 0),
	(367, 42, 89, 220, 1, 240, '2018-07-14 08:46:19', '2018-07-14 08:46:19', 0, 4),
	(368, 45, 43, 1.89, 4.4, 2.82, '2018-07-14 08:46:20', '2018-07-14 08:46:20', 0, 0),
	(369, 47, 13, 1.85, 3.45, 3.75, '2018-07-14 08:46:20', '2018-07-14 08:46:20', 0, 0),
	(370, 46, 42, 5.1, 1.54, 3.75, '2018-07-14 08:46:20', '2018-07-14 08:46:20', 0, 1),
	(371, 50, 91, 220, 1, 240, '2018-07-14 08:46:20', '2018-07-14 08:46:20', 0, 2),
	(372, 49, 46, 2.4, 3.6, 2.45, '2018-07-14 08:46:20', '2018-07-14 08:46:20', 0, 0),
	(373, 55, 13, 2.55, 2.44, 3.2, '2018-07-14 08:46:20', '2018-07-14 08:46:20', 0, 0),
	(374, 51, 42, 2.26, 3.55, 2.57, '2018-07-14 08:46:20', '2018-07-14 08:46:20', 0, 0),
	(375, 52, 31, 6, 1.52, 3.55, '2018-07-14 08:46:20', '2018-07-14 08:46:20', 0, 1),
	(376, 53, 29, 1.36, 8.6, 3.95, '2018-07-14 08:46:21', '2018-07-14 08:46:21', 0, 0),
	(377, 54, 4, 1.75, 4.3, 3.4, '2018-07-14 08:46:21', '2018-07-14 08:46:21', 0, 0),
	(378, 4, 56, 2.51, 4, 2.23, '2018-07-14 08:46:45', '2018-07-14 08:46:45', 0, 0),
	(379, 6, 88, 1.05, 160, 10, '2018-07-14 08:46:45', '2018-07-14 08:46:45', 1, 0),
	(380, 10, 89, 1.04, 150, 9.6, '2018-07-14 08:46:46', '2018-07-14 08:46:46', 2, 1),
	(381, 9, 46, 1.02, 55, 17, '2018-07-14 08:46:46', '2018-07-14 08:46:46', 2, 0),
	(382, 8, 91, 1, 220, 230, '2018-07-14 08:46:46', '2018-07-14 08:46:46', 3, 1),
	(383, 12, 87, 260, 1, 160, '2018-07-14 08:46:46', '2018-07-14 08:46:46', 0, 2),
	(384, 14, 58, 1.01, 85, 23, '2018-07-14 08:46:46', '2018-07-14 08:46:46', 2, 0),
	(385, 18, 89, 7.6, 15, 1.12, '2018-07-14 08:46:46', '2018-07-14 08:46:46', 1, 1),
	(386, 15, 87, 8.6, 11, 1.13, '2018-07-14 08:46:46', '2018-07-14 08:46:46', 1, 1),
	(387, 16, 88, 1.07, 75, 8.6, '2018-07-14 08:46:47', '2018-07-14 08:46:47', 1, 0),
	(388, 20, 89, 8.2, 10, 1.14, '2018-07-14 08:46:47', '2018-07-14 08:46:47', 3, 3),
	(389, 19, 45, 20, 1.1, 8.4, '2018-07-14 08:46:47', '2018-07-14 08:46:47', 0, 2),
	(390, 21, 90, 11, 29, 1.06, '2018-07-14 08:46:47', '2018-07-14 08:46:47', 0, 0),
	(391, 22, 86, 7.4, 15, 1.14, '2018-07-14 08:46:47', '2018-07-14 08:46:47', 1, 1),
	(392, 23, 44, 2.02, 3.4, 3.1, '2018-07-14 08:46:47', '2018-07-14 08:46:47', 1, 1),
	(393, 27, 45, 9, 1.35, 4, '2018-07-14 08:46:48', '2018-07-14 08:46:48', 0, 1),
	(394, 24, 88, 1, 230, 240, '2018-07-14 08:46:48', '2018-07-14 08:46:48', 5, 0),
	(395, 35, 87, 1.02, 250, 18, '2018-07-14 08:46:48', '2018-07-14 08:46:48', 1, 0),
	(396, 30, 87, 140, 1.05, 10, '2018-07-14 08:46:48', '2018-07-14 08:46:48', 1, 2),
	(397, 29, 46, 12.5, 1.28, 4.1, '2018-07-14 08:46:48', '2018-07-14 08:46:48', 0, 1),
	(398, 34, 46, 1.02, 75, 20, '2018-07-14 08:46:48', '2018-07-14 08:46:48', 2, 0),
	(399, 37, 61, 2.25, 5.1, 2.2, '2018-07-14 08:46:48', '2018-07-14 08:46:48', 0, 0),
	(400, 31, 41, 1.44, 6.4, 3.85, '2018-07-14 08:46:49', '2018-07-14 08:46:49', 1, 0),
	(401, 28, 46, 1.98, 4.35, 2.65, '2018-07-14 08:46:49', '2018-07-14 08:46:49', 0, 0),
	(402, 32, 44, 1.16, 16, 5.7, '2018-07-14 08:46:49', '2018-07-14 08:46:49', 1, 0),
	(403, 38, 83, 11, 7, 1.16, '2018-07-14 08:46:49', '2018-07-14 08:46:49', 1, 1),
	(404, 33, 44, 2.79, 2.6, 2.7, '2018-07-14 08:46:49', '2018-07-14 08:46:49', 0, 0),
	(405, 41, 45, 4.8, 1.72, 3.25, '2018-07-14 08:46:49', '2018-07-14 08:46:49', 0, 1),
	(406, 39, 56, 2.79, 3.45, 2.16, '2018-07-14 08:46:49', '2018-07-14 08:46:49', 0, 0),
	(407, 48, 85, 4.3, 9.5, 1.32, '2018-07-14 08:46:49', '2018-07-14 08:46:49', 1, 1),
	(408, 44, 45, 1.76, 3.95, 3.45, '2018-07-14 08:46:49', '2018-07-14 08:46:49', 1, 0),
	(409, 45, 44, 1.89, 4.45, 2.79, '2018-07-14 08:46:50', '2018-07-14 08:46:50', 0, 0),
	(410, 47, 14, 1.85, 3.45, 3.75, '2018-07-14 08:46:50', '2018-07-14 08:46:50', 0, 0),
	(411, 46, 43, 5.1, 1.53, 3.8, '2018-07-14 08:46:50', '2018-07-14 08:46:50', 0, 1),
	(412, 50, 92, 23, 240, 1.01, '2018-07-14 08:46:50', '2018-07-14 08:46:50', 0, 2),
	(413, 49, 46, 2.4, 3.6, 2.45, '2018-07-14 08:46:50', '2018-07-14 08:46:50', 0, 0),
	(414, 55, 13, 2.55, 2.44, 3.2, '2018-07-14 08:46:50', '2018-07-14 08:46:50', 0, 0),
	(415, 51, 42, 2.27, 3.55, 2.55, '2018-07-14 08:46:50', '2018-07-14 08:46:50', 0, 0),
	(416, 52, 32, 6, 1.52, 3.55, '2018-07-14 08:46:50', '2018-07-14 08:46:50', 0, 1),
	(417, 53, 29, 1.36, 8.6, 3.95, '2018-07-14 08:46:51', '2018-07-14 08:46:51', 0, 0),
	(418, 54, 5, 1.75, 4.2, 3.4, '2018-07-14 08:46:51', '2018-07-14 08:46:51', 0, 0),
	(419, 4, 56, 2.53, 4, 2.21, '2018-07-14 08:47:15', '2018-07-14 08:47:15', 0, 0),
	(420, 6, 89, 1.04, 170, 12, '2018-07-14 08:47:15', '2018-07-14 08:47:15', 1, 0),
	(421, 10, 89, 1.04, 150, 9.6, '2018-07-14 08:47:15', '2018-07-14 08:47:15', 2, 1),
	(422, 9, 46, 1.02, 55, 17, '2018-07-14 08:47:15', '2018-07-14 08:47:15', 2, 0),
	(423, 8, 91, 1, 220, 240, '2018-07-14 08:47:16', '2018-07-14 08:47:16', 3, 1),
	(424, 12, 88, 260, 1, 180, '2018-07-14 08:47:16', '2018-07-14 08:47:16', 0, 2),
	(425, 14, 59, 1.01, 85, 24, '2018-07-14 08:47:16', '2018-07-14 08:47:16', 2, 0),
	(426, 18, 89, 7.6, 15, 1.12, '2018-07-14 08:47:16', '2018-07-14 08:47:16', 1, 1),
	(427, 15, 88, 9.4, 12, 1.11, '2018-07-14 08:47:16', '2018-07-14 08:47:16', 1, 1),
	(428, 20, 89, 9.6, 12, 1.11, '2018-07-14 08:47:16', '2018-07-14 08:47:16', 3, 3),
	(429, 19, 45, 20, 1.1, 8.4, '2018-07-14 08:47:16', '2018-07-14 08:47:16', 0, 2),
	(430, 21, 90, 14, 36, 1.04, '2018-07-14 08:47:16', '2018-07-14 08:47:16', 0, 0),
	(431, 22, 86, 8, 16, 1.12, '2018-07-14 08:47:16', '2018-07-14 08:47:16', 1, 1),
	(432, 23, 45, 2.02, 3.45, 3.05, '2018-07-14 08:47:16', '2018-07-14 08:47:16', 1, 1),
	(433, 27, 45, 9, 1.35, 4, '2018-07-14 08:47:17', '2018-07-14 08:47:17', 0, 1),
	(434, 24, 88, 1, 230, 240, '2018-07-14 08:47:17', '2018-07-14 08:47:17', 5, 0),
	(435, 35, 87, 1.02, 250, 19, '2018-07-14 08:47:17', '2018-07-14 08:47:17', 1, 0),
	(436, 30, 88, 170, 1.04, 12, '2018-07-14 08:47:17', '2018-07-14 08:47:17', 1, 2),
	(437, 29, 47, 12.5, 1.28, 4.1, '2018-07-14 08:47:17', '2018-07-14 08:47:17', 0, 1),
	(438, 34, 46, 1.02, 80, 21, '2018-07-14 08:47:18', '2018-07-14 08:47:18', 2, 0),
	(439, 37, 62, 2.3, 5.1, 2.15, '2018-07-14 08:47:18', '2018-07-14 08:47:18', 0, 0),
	(440, 31, 42, 1.43, 6.6, 3.85, '2018-07-14 08:47:18', '2018-07-14 08:47:18', 1, 0),
	(441, 28, 46, 1.98, 4.35, 2.64, '2018-07-14 08:47:18', '2018-07-14 08:47:18', 0, 0),
	(442, 32, 45, 1.16, 16, 5.7, '2018-07-14 08:47:18', '2018-07-14 08:47:18', 1, 0),
	(443, 38, 84, 11, 7, 1.16, '2018-07-14 08:47:18', '2018-07-14 08:47:18', 1, 1),
	(444, 33, 45, 2.8, 2.62, 2.67, '2018-07-14 08:47:18', '2018-07-14 08:47:18', 0, 0),
	(445, 41, 45, 4.8, 1.72, 3.25, '2018-07-14 08:47:18', '2018-07-14 08:47:18', 0, 1),
	(446, 39, 56, 2.79, 3.45, 2.16, '2018-07-14 08:47:19', '2018-07-14 08:47:19', 0, 0),
	(447, 48, 86, 4.5, 10, 1.28, '2018-07-14 08:47:19', '2018-07-14 08:47:19', 1, 1),
	(448, 44, 46, 1.75, 4, 3.45, '2018-07-14 08:47:19', '2018-07-14 08:47:19', 1, 0),
	(449, 45, 45, 1.9, 4.4, 2.77, '2018-07-14 08:47:19', '2018-07-14 08:47:19', 0, 0),
	(450, 47, 14, 1.85, 3.45, 3.7, '2018-07-14 08:47:19', '2018-07-14 08:47:19', 0, 0),
	(451, 46, 43, 5.2, 1.53, 3.75, '2018-07-14 08:47:19', '2018-07-14 08:47:19', 0, 1),
	(452, 49, 45, 2.4, 3.65, 2.45, '2018-07-14 08:47:19', '2018-07-14 08:47:19', 0, 0),
	(453, 55, 14, 2.55, 2.45, 3.2, '2018-07-14 08:47:19', '2018-07-14 08:47:19', 0, 0),
	(454, 51, 43, 2.29, 3.55, 2.54, '2018-07-14 08:47:19', '2018-07-14 08:47:19', 0, 0),
	(455, 52, 32, 6, 1.52, 3.55, '2018-07-14 08:47:20', '2018-07-14 08:47:20', 0, 1),
	(456, 53, 30, 2.71, 3.2, 2.32, '2018-07-14 08:47:20', '2018-07-14 08:47:20', 0, 0),
	(457, 54, 5, 1.75, 4.2, 3.4, '2018-07-14 08:47:20', '2018-07-14 08:47:20', 0, 0),
	(458, 4, 57, 2.58, 4.2, 2.12, '2018-07-14 08:47:45', '2018-07-14 08:47:45', 0, 0),
	(459, 6, 89, 1.03, 230, 14, '2018-07-14 08:47:45', '2018-07-14 08:47:45', 1, 0),
	(460, 10, 90, 1.04, 200, 12, '2018-07-14 08:47:45', '2018-07-14 08:47:45', 2, 1),
	(461, 9, 47, 1.02, 55, 17, '2018-07-14 08:47:45', '2018-07-14 08:47:45', 2, 0),
	(462, 12, 89, 260, 1, 190, '2018-07-14 08:47:46', '2018-07-14 08:47:46', 0, 2),
	(463, 14, 59, 1.01, 90, 24, '2018-07-14 08:47:46', '2018-07-14 08:47:46', 2, 0),
	(464, 56, 45, 1.84, 4, 3.15, '2018-07-14 08:47:46', '2018-07-14 08:47:46', 0, 0),
	(465, 18, 90, 12, 23, 1.06, '2018-07-14 08:47:46', '2018-07-14 08:47:46', 1, 1),
	(466, 15, 88, 9.4, 12, 1.11, '2018-07-14 08:47:47', '2018-07-14 08:47:47', 1, 1),
	(467, 20, 90, 11, 15, 1.08, '2018-07-14 08:47:47', '2018-07-14 08:47:47', 3, 3),
	(468, 19, 45, 20, 1.1, 8.4, '2018-07-14 08:47:47', '2018-07-14 08:47:47', 0, 2),
	(469, 21, 90, 19, 46, 1.03, '2018-07-14 08:47:47', '2018-07-14 08:47:47', 0, 0),
	(470, 22, 86, 8, 16, 1.12, '2018-07-14 08:47:47', '2018-07-14 08:47:47', 1, 1),
	(471, 23, 45, 2.03, 3.45, 3.05, '2018-07-14 08:47:47', '2018-07-14 08:47:47', 1, 1),
	(472, 27, 45, 9, 1.35, 4, '2018-07-14 08:47:47', '2018-07-14 08:47:47', 0, 1),
	(473, 24, 89, 5.7, 1, 1.1, '2018-07-14 08:47:47', '2018-07-14 08:47:47', 5, 0),
	(474, 35, 88, 1.02, 250, 19, '2018-07-14 08:47:47', '2018-07-14 08:47:47', 1, 0),
	(475, 30, 88, 220, 1.03, 13, '2018-07-14 08:47:48', '2018-07-14 08:47:48', 1, 2),
	(476, 29, 45, 12.5, 1.28, 4.1, '2018-07-14 08:47:48', '2018-07-14 08:47:48', 0, 1),
	(477, 34, 45, 1.02, 80, 21, '2018-07-14 08:47:48', '2018-07-14 08:47:48', 2, 0),
	(478, 37, 62, 2.3, 5.1, 2.15, '2018-07-14 08:47:48', '2018-07-14 08:47:48', 0, 0),
	(479, 31, 43, 1.43, 6.6, 3.85, '2018-07-14 08:47:48', '2018-07-14 08:47:48', 1, 0),
	(480, 28, 47, 1.98, 4.35, 2.64, '2018-07-14 08:47:48', '2018-07-14 08:47:48', 0, 0),
	(481, 32, 45, 1.15, 17, 5.8, '2018-07-14 08:47:48', '2018-07-14 08:47:48', 1, 0),
	(482, 38, 85, 12, 7.4, 1.14, '2018-07-14 08:47:49', '2018-07-14 08:47:49', 1, 1),
	(483, 33, 45, 2.8, 2.62, 2.66, '2018-07-14 08:47:49', '2018-07-14 08:47:49', 0, 0),
	(484, 41, 45, 4.8, 1.72, 3.25, '2018-07-14 08:47:49', '2018-07-14 08:47:49', 0, 1),
	(485, 39, 57, 2.8, 3.5, 2.13, '2018-07-14 08:47:49', '2018-07-14 08:47:49', 0, 0),
	(486, 48, 86, 4.6, 10, 1.28, '2018-07-14 08:47:49', '2018-07-14 08:47:49', 1, 1),
	(487, 44, 45, 1.75, 4, 3.45, '2018-07-14 08:47:49', '2018-07-14 08:47:49', 1, 0),
	(488, 45, 45, 1.91, 4.4, 2.75, '2018-07-14 08:47:49', '2018-07-14 08:47:49', 0, 0),
	(489, 47, 14, 1.85, 3.45, 3.7, '2018-07-14 08:47:49', '2018-07-14 08:47:49', 0, 0),
	(490, 46, 44, 5.2, 1.53, 3.75, '2018-07-14 08:47:49', '2018-07-14 08:47:49', 0, 1),
	(491, 49, 45, 2.4, 3.65, 2.45, '2018-07-14 08:47:49', '2018-07-14 08:47:49', 0, 0),
	(492, 55, 14, 2.56, 2.45, 3.2, '2018-07-14 08:47:50', '2018-07-14 08:47:50', 0, 0),
	(493, 51, 44, 2.29, 3.6, 2.51, '2018-07-14 08:47:50', '2018-07-14 08:47:50', 0, 0),
	(494, 52, 33, 6, 1.52, 3.55, '2018-07-14 08:47:50', '2018-07-14 08:47:50', 0, 1),
	(495, 53, 31, 2.71, 3.2, 2.31, '2018-07-14 08:47:50', '2018-07-14 08:47:50', 0, 0),
	(496, 54, 6, 1.75, 4.3, 3.35, '2018-07-14 08:47:50', '2018-07-14 08:47:50', 0, 0),
	(497, 4, 58, 2.6, 4.2, 2.1, '2018-07-14 08:48:15', '2018-07-14 08:48:15', 0, 0),
	(498, 10, 90, 1.03, 230, 14, '2018-07-14 08:48:15', '2018-07-14 08:48:15', 2, 1),
	(499, 9, 45, 1.02, 55, 17.5, '2018-07-14 08:48:15', '2018-07-14 08:48:15', 2, 0),
	(500, 12, 89, 210, 1, 210, '2018-07-14 08:48:16', '2018-07-14 08:48:16', 0, 2),
	(501, 14, 60, 1.01, 90, 24, '2018-07-14 08:48:16', '2018-07-14 08:48:16', 2, 0),
	(502, 56, 0, 1.85, 4, 3.1, '2018-07-14 08:48:16', '2018-07-14 08:48:16', 0, 0),
	(503, 18, 90, 13, 25, 1.05, '2018-07-14 08:48:16', '2018-07-14 08:48:16', 1, 1),
	(504, 15, 89, 12, 15, 1.08, '2018-07-14 08:48:16', '2018-07-14 08:48:16', 1, 1),
	(505, 20, 90, 11, 15, 1.08, '2018-07-14 08:48:16', '2018-07-14 08:48:16', 3, 3),
	(506, 19, 45, 20, 1.1, 8.4, '2018-07-14 08:48:16', '2018-07-14 08:48:16', 0, 2),
	(507, 21, 91, 19, 46, 1.03, '2018-07-14 08:48:16', '2018-07-14 08:48:16', 0, 0),
	(508, 22, 87, 8.8, 18, 1.11, '2018-07-14 08:48:16', '2018-07-14 08:48:16', 1, 1),
	(509, 23, 45, 2.03, 3.45, 3.05, '2018-07-14 08:48:16', '2018-07-14 08:48:16', 1, 1),
	(510, 27, 45, 9, 1.35, 4, '2018-07-14 08:48:17', '2018-07-14 08:48:17', 0, 1),
	(511, 35, 88, 1.02, 250, 20, '2018-07-14 08:48:17', '2018-07-14 08:48:17', 1, 0),
	(512, 30, 89, 210, 1.03, 15, '2018-07-14 08:48:17', '2018-07-14 08:48:17', 1, 2),
	(513, 29, 45, 12.5, 1.28, 4.1, '2018-07-14 08:48:17', '2018-07-14 08:48:17', 0, 1),
	(514, 34, 45, 1.02, 80, 21, '2018-07-14 08:48:17', '2018-07-14 08:48:17', 2, 0),
	(515, 37, 63, 2.3, 5.1, 2.15, '2018-07-14 08:48:17', '2018-07-14 08:48:17', 0, 0),
	(516, 31, 43, 1.43, 6.6, 3.85, '2018-07-14 08:48:17', '2018-07-14 08:48:17', 1, 0),
	(517, 28, 47, 1.98, 4.35, 2.64, '2018-07-14 08:48:17', '2018-07-14 08:48:17', 0, 0),
	(518, 32, 46, 1.14, 18.5, 6, '2018-07-14 08:48:18', '2018-07-14 08:48:18', 1, 0),
	(519, 38, 85, 12, 7.6, 1.13, '2018-07-14 08:48:18', '2018-07-14 08:48:18', 1, 1),
	(520, 33, 46, 2.81, 2.63, 2.64, '2018-07-14 08:48:18', '2018-07-14 08:48:18', 0, 0),
	(521, 41, 45, 4.8, 1.72, 3.25, '2018-07-14 08:48:18', '2018-07-14 08:48:18', 0, 1),
	(522, 39, 57, 2.83, 3.5, 2.12, '2018-07-14 08:48:18', '2018-07-14 08:48:18', 0, 0),
	(523, 48, 86, 4.8, 10.5, 1.26, '2018-07-14 08:48:18', '2018-07-14 08:48:18', 1, 1),
	(524, 44, 45, 1.75, 4, 3.45, '2018-07-14 08:48:18', '2018-07-14 08:48:18', 1, 0),
	(525, 45, 45, 1.91, 4.45, 2.75, '2018-07-14 08:48:18', '2018-07-14 08:48:18', 0, 0),
	(526, 47, 15, 1.3, 7.4, 5, '2018-07-14 08:48:18', '2018-07-14 08:48:18', 0, 0),
	(527, 46, 44, 5.2, 1.53, 3.75, '2018-07-14 08:48:19', '2018-07-14 08:48:19', 0, 1),
	(528, 49, 45, 2.4, 3.65, 2.45, '2018-07-14 08:48:19', '2018-07-14 08:48:19', 0, 0),
	(529, 55, 15, 2.56, 2.45, 3.2, '2018-07-14 08:48:19', '2018-07-14 08:48:19', 0, 0),
	(530, 51, 44, 2.29, 3.6, 2.51, '2018-07-14 08:48:19', '2018-07-14 08:48:19', 0, 0),
	(531, 52, 33, 6.2, 1.52, 3.55, '2018-07-14 08:48:19', '2018-07-14 08:48:19', 0, 1),
	(532, 53, 31, 2.72, 3.2, 2.3, '2018-07-14 08:48:19', '2018-07-14 08:48:19', 0, 0),
	(533, 54, 6, 1.75, 4.3, 3.35, '2018-07-14 08:48:19', '2018-07-14 08:48:19', 0, 0),
	(534, 4, 58, 2.6, 4.2, 2.1, '2018-07-14 08:48:45', '2018-07-14 08:48:45', 0, 0),
	(535, 10, 91, 1.02, 270, 18, '2018-07-14 08:48:45', '2018-07-14 08:48:45', 2, 1),
	(536, 9, 45, 1.02, 55, 17.5, '2018-07-14 08:48:45', '2018-07-14 08:48:45', 2, 0),
	(537, 12, 89, 210, 1, 210, '2018-07-14 08:48:45', '2018-07-14 08:48:45', 0, 2),
	(538, 14, 60, 1.01, 85, 22, '2018-07-14 08:48:46', '2018-07-14 08:48:46', 2, 0),
	(539, 56, 0, 1.83, 4.05, 3.15, '2018-07-14 08:48:46', '2018-07-14 08:48:46', 0, 0),
	(540, 18, 91, 15, 28, 1.05, '2018-07-14 08:48:46', '2018-07-14 08:48:46', 1, 1),
	(541, 15, 89, 12, 16, 1.07, '2018-07-14 08:48:46', '2018-07-14 08:48:46', 1, 1),
	(542, 20, 91, 17, 23, 1.05, '2018-07-14 08:48:46', '2018-07-14 08:48:46', 3, 3),
	(543, 19, 45, 20, 1.1, 8.4, '2018-07-14 08:48:46', '2018-07-14 08:48:46', 0, 2),
	(544, 21, 91, 27, 60, 1.02, '2018-07-14 08:48:46', '2018-07-14 08:48:46', 0, 0),
	(545, 22, 88, 9.8, 20, 1.09, '2018-07-14 08:48:46', '2018-07-14 08:48:46', 1, 1),
	(546, 23, 46, 2.04, 3.45, 3, '2018-07-14 08:48:46', '2018-07-14 08:48:46', 1, 1),
	(547, 27, 45, 9, 1.35, 4, '2018-07-14 08:48:47', '2018-07-14 08:48:47', 0, 1),
	(548, 35, 89, 1.02, 270, 23, '2018-07-14 08:48:47', '2018-07-14 08:48:47', 1, 0),
	(549, 30, 89, 280, 1.02, 18, '2018-07-14 08:48:47', '2018-07-14 08:48:47', 1, 2),
	(550, 29, 45, 12.5, 1.28, 4.1, '2018-07-14 08:48:47', '2018-07-14 08:48:47', 0, 1),
	(551, 34, 45, 1.02, 80, 21, '2018-07-14 08:48:47', '2018-07-14 08:48:47', 2, 0),
	(552, 37, 63, 2.3, 5.2, 2.1, '2018-07-14 08:48:47', '2018-07-14 08:48:47', 0, 0),
	(553, 31, 43, 1.43, 6.6, 3.85, '2018-07-14 08:48:48', '2018-07-14 08:48:48', 1, 0),
	(554, 28, 47, 1.98, 4.35, 2.64, '2018-07-14 08:48:48', '2018-07-14 08:48:48', 0, 0),
	(555, 32, 45, 1.14, 19, 6, '2018-07-14 08:48:48', '2018-07-14 08:48:48', 1, 0),
	(556, 38, 85, 12, 7.6, 1.13, '2018-07-14 08:48:49', '2018-07-14 08:48:49', 1, 1),
	(557, 33, 46, 2.82, 2.64, 2.62, '2018-07-14 08:48:49', '2018-07-14 08:48:49', 0, 0),
	(558, 41, 45, 4.8, 1.72, 3.25, '2018-07-14 08:48:49', '2018-07-14 08:48:49', 0, 1),
	(559, 39, 58, 2.84, 3.5, 2.1, '2018-07-14 08:48:49', '2018-07-14 08:48:49', 0, 0),
	(560, 48, 86, 5.1, 11, 1.24, '2018-07-14 08:48:49', '2018-07-14 08:48:49', 1, 1),
	(561, 44, 45, 1.81, 3.8, 3.4, '2018-07-14 08:48:50', '2018-07-14 08:48:50', 1, 0),
	(562, 45, 46, 1.92, 4.45, 2.73, '2018-07-14 08:48:50', '2018-07-14 08:48:50', 0, 0),
	(563, 47, 16, 1.3, 7.4, 5, '2018-07-14 08:48:50', '2018-07-14 08:48:50', 1, 0),
	(564, 46, 44, 5.3, 1.53, 3.75, '2018-07-14 08:48:50', '2018-07-14 08:48:50', 0, 1),
	(565, 49, 45, 2.4, 3.65, 2.45, '2018-07-14 08:48:50', '2018-07-14 08:48:50', 0, 0),
	(566, 55, 16, 2.56, 2.45, 3.15, '2018-07-14 08:48:50', '2018-07-14 08:48:50', 0, 0),
	(567, 51, 44, 2.3, 3.6, 2.5, '2018-07-14 08:48:50', '2018-07-14 08:48:50', 0, 0),
	(568, 52, 34, 6.2, 1.52, 3.55, '2018-07-14 08:48:50', '2018-07-14 08:48:50', 0, 1),
	(569, 53, 32, 2.73, 3.2, 2.29, '2018-07-14 08:48:50', '2018-07-14 08:48:50', 0, 0),
	(570, 54, 7, 1.78, 4.2, 3.35, '2018-07-14 08:48:51', '2018-07-14 08:48:51', 0, 0),
	(571, 4, 58, 2.62, 4.25, 2.08, '2018-07-14 08:49:16', '2018-07-14 08:49:16', 0, 0),
	(572, 10, 91, 1.01, 350, 26, '2018-07-14 08:49:16', '2018-07-14 08:49:16', 2, 1),
	(573, 9, 45, 1.02, 55, 17.5, '2018-07-14 08:49:17', '2018-07-14 08:49:17', 2, 0),
	(574, 12, 90, 220, 1, 230, '2018-07-14 08:49:17', '2018-07-14 08:49:17', 0, 2),
	(575, 14, 61, 1.01, 85, 23, '2018-07-14 08:49:17', '2018-07-14 08:49:17', 2, 0),
	(576, 56, 1, 1.83, 4.05, 3.15, '2018-07-14 08:49:17', '2018-07-14 08:49:17', 0, 0),
	(577, 18, 91, 21, 39, 1.03, '2018-07-14 08:49:17', '2018-07-14 08:49:17', 1, 1),
	(578, 15, 90, 14, 18, 1.06, '2018-07-14 08:49:17', '2018-07-14 08:49:17', 1, 1),
	(579, 20, 91, 18, 24, 1.04, '2018-07-14 08:49:18', '2018-07-14 08:49:18', 3, 3),
	(580, 19, 45, 20, 1.1, 8.4, '2018-07-14 08:49:18', '2018-07-14 08:49:18', 0, 2),
	(581, 22, 88, 11, 22, 1.08, '2018-07-14 08:49:18', '2018-07-14 08:49:18', 1, 1),
	(582, 23, 46, 2.04, 3.45, 3, '2018-07-14 08:49:18', '2018-07-14 08:49:18', 1, 1),
	(583, 27, 45, 9, 1.35, 4, '2018-07-14 08:49:18', '2018-07-14 08:49:18', 0, 1),
	(584, 35, 45, 1.01, 270, 26, '2018-07-14 08:49:18', '2018-07-14 08:49:18', 1, 0),
	(585, 30, 90, 280, 1.02, 18, '2018-07-14 08:49:18', '2018-07-14 08:49:18', 1, 2),
	(586, 29, 45, 12.5, 1.28, 4.1, '2018-07-14 08:49:18', '2018-07-14 08:49:18', 0, 1),
	(587, 34, 45, 1.02, 80, 21, '2018-07-14 08:49:18', '2018-07-14 08:49:18', 2, 0),
	(588, 37, 64, 2.3, 5.2, 2.1, '2018-07-14 08:49:19', '2018-07-14 08:49:19', 0, 0),
	(589, 31, 44, 1.44, 6.4, 3.85, '2018-07-14 08:49:19', '2018-07-14 08:49:19', 1, 0),
	(590, 28, 48, 1.98, 4.35, 2.64, '2018-07-14 08:49:19', '2018-07-14 08:49:19', 0, 0),
	(591, 32, 45, 1.14, 19, 6, '2018-07-14 08:49:19', '2018-07-14 08:49:19', 1, 0),
	(592, 38, 86, 13, 8.2, 1.12, '2018-07-14 08:49:19', '2018-07-14 08:49:19', 1, 1),
	(593, 33, 46, 2.88, 2.68, 2.54, '2018-07-14 08:49:19', '2018-07-14 08:49:19', 0, 0),
	(594, 41, 45, 4.8, 1.72, 3.25, '2018-07-14 08:49:19', '2018-07-14 08:49:19', 0, 1),
	(595, 39, 59, 2.85, 3.55, 2.08, '2018-07-14 08:49:19', '2018-07-14 08:49:19', 0, 0),
	(596, 48, 88, 5.4, 11.5, 1.2, '2018-07-14 08:49:19', '2018-07-14 08:49:19', 1, 1),
	(597, 44, 45, 1.81, 3.8, 3.4, '2018-07-14 08:49:20', '2018-07-14 08:49:20', 1, 0),
	(598, 45, 46, 1.92, 4.45, 2.72, '2018-07-14 08:49:20', '2018-07-14 08:49:20', 0, 0),
	(599, 47, 16, 1.3, 7.4, 5, '2018-07-14 08:49:20', '2018-07-14 08:49:20', 1, 0),
	(600, 46, 45, 5.4, 1.52, 3.75, '2018-07-14 08:49:20', '2018-07-14 08:49:20', 0, 1),
	(601, 49, 45, 2.4, 3.65, 2.45, '2018-07-14 08:49:20', '2018-07-14 08:49:20', 0, 0),
	(602, 55, 16, 2.57, 2.45, 3.15, '2018-07-14 08:49:20', '2018-07-14 08:49:20', 0, 0),
	(603, 51, 45, 2.33, 3.6, 2.47, '2018-07-14 08:49:20', '2018-07-14 08:49:20', 0, 0),
	(604, 52, 34, 6.2, 1.52, 3.55, '2018-07-14 08:49:20', '2018-07-14 08:49:20', 0, 1),
	(605, 53, 33, 2.74, 3.25, 2.28, '2018-07-14 08:49:20', '2018-07-14 08:49:20', 0, 0),
	(606, 54, 7, 1.78, 4.2, 3.35, '2018-07-14 08:49:20', '2018-07-14 08:49:20', 0, 0),
	(607, 4, 59, 2.63, 4.25, 2.07, '2018-07-14 08:49:45', '2018-07-14 08:49:45', 0, 0),
	(608, 10, 92, 1.01, 350, 37, '2018-07-14 08:49:45', '2018-07-14 08:49:45', 2, 1),
	(609, 9, 45, 1.02, 55, 17.5, '2018-07-14 08:49:45', '2018-07-14 08:49:45', 2, 0),
	(610, 12, 91, 220, 1, 230, '2018-07-14 08:49:46', '2018-07-14 08:49:46', 0, 2),
	(611, 14, 61, 1.01, 85, 23, '2018-07-14 08:49:46', '2018-07-14 08:49:46', 2, 0),
	(612, 56, 1, 1.83, 4.05, 3.15, '2018-07-14 08:49:46', '2018-07-14 08:49:46', 0, 0),
	(613, 18, 92, 43, 75, 1.01, '2018-07-14 08:49:46', '2018-07-14 08:49:46', 1, 1),
	(614, 15, 90, 15, 19, 1.06, '2018-07-14 08:49:46', '2018-07-14 08:49:46', 1, 1),
	(615, 20, 92, 39, 1.01, 28, '2018-07-14 08:49:46', '2018-07-14 08:49:46', 3, 4),
	(616, 19, 45, 20, 1.1, 8.4, '2018-07-14 08:49:46', '2018-07-14 08:49:46', 0, 2),
	(617, 22, 89, 13, 24, 1.06, '2018-07-14 08:49:47', '2018-07-14 08:49:47', 1, 1),
	(618, 23, 46, 2.04, 3.45, 3, '2018-07-14 08:49:47', '2018-07-14 08:49:47', 1, 1),
	(619, 27, 45, 9, 1.35, 4, '2018-07-14 08:49:47', '2018-07-14 08:49:47', 0, 1),
	(620, 35, 90, 1, 220, 240, '2018-07-14 08:49:47', '2018-07-14 08:49:47', 2, 0),
	(621, 30, 91, 350, 1.01, 30, '2018-07-14 08:49:47', '2018-07-14 08:49:47', 1, 2),
	(622, 29, 45, 12.5, 1.28, 4.1, '2018-07-14 08:49:47', '2018-07-14 08:49:47', 0, 1),
	(623, 34, 45, 1.02, 80, 21, '2018-07-14 08:49:47', '2018-07-14 08:49:47', 2, 0),
	(624, 37, 64, 2.35, 5.2, 2.05, '2018-07-14 08:49:48', '2018-07-14 08:49:48', 0, 0),
	(625, 31, 45, 1.44, 6.4, 3.85, '2018-07-14 08:49:48', '2018-07-14 08:49:48', 1, 0),
	(626, 28, 45, 1.99, 4.35, 2.63, '2018-07-14 08:49:48', '2018-07-14 08:49:48', 0, 0),
	(627, 32, 45, 1.14, 19, 6, '2018-07-14 08:49:48', '2018-07-14 08:49:48', 1, 0),
	(628, 38, 86, 14, 8.8, 1.11, '2018-07-14 08:49:48', '2018-07-14 08:49:48', 1, 1),
	(629, 33, 45, 2.79, 2.79, 2.52, '2018-07-14 08:49:48', '2018-07-14 08:49:48', 0, 0),
	(630, 41, 45, 4.8, 1.72, 3.25, '2018-07-14 08:49:48', '2018-07-14 08:49:48', 0, 1),
	(631, 39, 59, 2.88, 3.55, 2.07, '2018-07-14 08:49:48', '2018-07-14 08:49:48', 0, 0),
	(632, 44, 45, 1.81, 3.8, 3.4, '2018-07-14 08:49:48', '2018-07-14 08:49:48', 1, 0),
	(633, 45, 45, 1.92, 4.3, 2.77, '2018-07-14 08:49:49', '2018-07-14 08:49:49', 0, 0),
	(634, 47, 17, 1.3, 7.4, 5, '2018-07-14 08:49:49', '2018-07-14 08:49:49', 1, 0),
	(635, 46, 45, 5.4, 1.52, 3.75, '2018-07-14 08:49:49', '2018-07-14 08:49:49', 0, 1),
	(636, 49, 45, 2.4, 3.65, 2.45, '2018-07-14 08:49:49', '2018-07-14 08:49:49', 0, 0),
	(637, 55, 16, 2.57, 2.45, 3.15, '2018-07-14 08:49:49', '2018-07-14 08:49:49', 0, 0),
	(638, 51, 46, 2.33, 3.6, 2.45, '2018-07-14 08:49:49', '2018-07-14 08:49:49', 0, 0),
	(639, 52, 35, 6.2, 1.52, 3.55, '2018-07-14 08:49:49', '2018-07-14 08:49:49', 0, 1),
	(640, 53, 33, 2.74, 3.25, 2.28, '2018-07-14 08:49:49', '2018-07-14 08:49:49', 0, 0),
	(641, 54, 8, 1.78, 4.2, 3.35, '2018-07-14 08:49:49', '2018-07-14 08:49:49', 0, 0),
	(642, 4, 59, 2.65, 4.3, 2.05, '2018-07-14 08:50:16', '2018-07-14 08:50:16', 0, 0),
	(643, 9, 45, 1.02, 55, 17.5, '2018-07-14 08:50:16', '2018-07-14 08:50:16', 2, 0),
	(644, 12, 91, 220, 1, 230, '2018-07-14 08:50:16', '2018-07-14 08:50:16', 0, 2),
	(645, 14, 62, 1.01, 90, 23, '2018-07-14 08:50:16', '2018-07-14 08:50:16', 2, 0),
	(646, 56, 2, 1.83, 4.1, 3.1, '2018-07-14 08:50:16', '2018-07-14 08:50:16', 0, 0),
	(647, 18, 92, 80, 130, 1, '2018-07-14 08:50:16', '2018-07-14 08:50:16', 1, 1),
	(648, 15, 90, 19, 24, 1.04, '2018-07-14 08:50:16', '2018-07-14 08:50:16', 1, 1),
	(649, 20, 92, 39, 1.01, 28, '2018-07-14 08:50:16', '2018-07-14 08:50:16', 3, 4),
	(650, 19, 45, 20, 1.1, 8.4, '2018-07-14 08:50:16', '2018-07-14 08:50:16', 0, 2),
	(651, 22, 89, 15, 29, 1.05, '2018-07-14 08:50:17', '2018-07-14 08:50:17', 1, 1),
	(652, 23, 45, 2.04, 3.45, 3, '2018-07-14 08:50:17', '2018-07-14 08:50:17', 1, 1),
	(653, 27, 45, 9, 1.35, 4, '2018-07-14 08:50:17', '2018-07-14 08:50:17', 0, 1),
	(654, 30, 91, 290, 1.01, 35, '2018-07-14 08:50:17', '2018-07-14 08:50:17', 1, 2),
	(655, 29, 45, 12.5, 1.28, 4.1, '2018-07-14 08:50:17', '2018-07-14 08:50:17', 0, 1),
	(656, 34, 45, 1.02, 80, 21, '2018-07-14 08:50:17', '2018-07-14 08:50:17', 2, 0),
	(657, 37, 65, 2.4, 5.2, 2.05, '2018-07-14 08:50:17', '2018-07-14 08:50:17', 0, 0),
	(658, 31, 45, 1.44, 6.4, 3.85, '2018-07-14 08:50:17', '2018-07-14 08:50:17', 1, 0),
	(659, 28, 45, 1.99, 4.35, 2.63, '2018-07-14 08:50:18', '2018-07-14 08:50:18', 0, 0),
	(660, 32, 45, 1.14, 19, 6, '2018-07-14 08:50:18', '2018-07-14 08:50:18', 1, 0),
	(661, 38, 87, 17, 10, 1.08, '2018-07-14 08:50:18', '2018-07-14 08:50:18', 1, 1),
	(662, 33, 45, 2.79, 2.79, 2.52, '2018-07-14 08:50:18', '2018-07-14 08:50:18', 0, 0),
	(663, 41, 45, 4.8, 1.72, 3.25, '2018-07-14 08:50:18', '2018-07-14 08:50:18', 0, 1),
	(664, 39, 59, 2.88, 3.55, 2.07, '2018-07-14 08:50:18', '2018-07-14 08:50:18', 0, 0),
	(665, 44, 45, 1.81, 3.8, 3.4, '2018-07-14 08:50:18', '2018-07-14 08:50:18', 1, 0),
	(666, 45, 45, 1.92, 4.3, 2.77, '2018-07-14 08:50:18', '2018-07-14 08:50:18', 0, 0),
	(667, 47, 17, 1.32, 7.2, 5, '2018-07-14 08:50:19', '2018-07-14 08:50:19', 1, 0),
	(668, 46, 45, 5.4, 1.52, 3.75, '2018-07-14 08:50:19', '2018-07-14 08:50:19', 0, 1),
	(669, 49, 45, 2.4, 3.65, 2.45, '2018-07-14 08:50:19', '2018-07-14 08:50:19', 0, 0),
	(670, 55, 17, 2.57, 2.45, 3.15, '2018-07-14 08:50:19', '2018-07-14 08:50:19', 0, 0),
	(671, 51, 46, 2.33, 3.6, 2.45, '2018-07-14 08:50:19', '2018-07-14 08:50:19', 0, 0),
	(672, 52, 35, 6.2, 1.52, 3.55, '2018-07-14 08:50:19', '2018-07-14 08:50:19', 0, 1),
	(673, 53, 33, 2.75, 3.25, 2.27, '2018-07-14 08:50:19', '2018-07-14 08:50:19', 0, 0),
	(674, 54, 8, 1.78, 4.3, 3.3, '2018-07-14 08:50:19', '2018-07-14 08:50:19', 0, 0),
	(675, 4, 60, 2.68, 4.3, 2.03, '2018-07-14 08:50:45', '2018-07-14 08:50:45', 0, 0),
	(676, 9, 45, 1.02, 55, 17.5, '2018-07-14 08:50:45', '2018-07-14 08:50:45', 2, 0),
	(677, 12, 92, 23, 230, 1.01, '2018-07-14 08:50:46', '2018-07-14 08:50:46', 0, 2),
	(678, 14, 62, 1.01, 90, 24, '2018-07-14 08:50:46', '2018-07-14 08:50:46', 2, 0),
	(679, 56, 3, 1.84, 4.1, 3.1, '2018-07-14 08:50:46', '2018-07-14 08:50:46', 0, 0),
	(680, 18, 92, 80, 130, 1, '2018-07-14 08:50:46', '2018-07-14 08:50:46', 1, 1),
	(681, 15, 91, 26, 32, 1.03, '2018-07-14 08:50:46', '2018-07-14 08:50:46', 1, 1),
	(682, 20, 92, 39, 1.01, 28, '2018-07-14 08:50:46', '2018-07-14 08:50:46', 3, 4),
	(683, 19, 45, 20, 1.1, 8.4, '2018-07-14 08:50:46', '2018-07-14 08:50:46', 0, 2),
	(684, 23, 45, 2.04, 3.45, 3, '2018-07-14 08:50:46', '2018-07-14 08:50:46', 1, 1),
	(685, 27, 45, 9, 1.35, 4, '2018-07-14 08:50:46', '2018-07-14 08:50:46', 0, 1),
	(686, 29, 45, 12.5, 1.28, 4.1, '2018-07-14 08:50:47', '2018-07-14 08:50:47', 0, 1),
	(687, 34, 45, 1.02, 80, 21, '2018-07-14 08:50:47', '2018-07-14 08:50:47', 2, 0),
	(688, 37, 65, 2.4, 5.3, 2, '2018-07-14 08:50:47', '2018-07-14 08:50:47', 0, 0),
	(689, 31, 46, 1.44, 6.4, 3.85, '2018-07-14 08:50:47', '2018-07-14 08:50:47', 1, 0),
	(690, 28, 45, 1.99, 4.35, 2.63, '2018-07-14 08:50:47', '2018-07-14 08:50:47', 0, 0),
	(691, 32, 45, 1.14, 19, 6, '2018-07-14 08:50:47', '2018-07-14 08:50:47', 1, 0),
	(692, 38, 88, 19, 11, 1.07, '2018-07-14 08:50:47', '2018-07-14 08:50:47', 1, 1),
	(693, 33, 45, 2.79, 2.79, 2.52, '2018-07-14 08:50:47', '2018-07-14 08:50:47', 0, 0),
	(694, 41, 45, 4.8, 1.72, 3.25, '2018-07-14 08:50:47', '2018-07-14 08:50:47', 0, 1),
	(695, 39, 60, 2.89, 3.55, 2.05, '2018-07-14 08:50:48', '2018-07-14 08:50:48', 0, 0),
	(696, 44, 45, 1.81, 3.8, 3.4, '2018-07-14 08:50:48', '2018-07-14 08:50:48', 1, 0),
	(697, 45, 45, 1.82, 4.8, 2.82, '2018-07-14 08:50:48', '2018-07-14 08:50:48', 0, 0),
	(698, 47, 18, 1.32, 7.2, 5, '2018-07-14 08:50:48', '2018-07-14 08:50:48', 1, 0),
	(699, 46, 45, 5.4, 1.52, 3.75, '2018-07-14 08:50:48', '2018-07-14 08:50:48', 0, 1),
	(700, 49, 45, 2.4, 3.65, 2.45, '2018-07-14 08:50:48', '2018-07-14 08:50:48', 0, 0),
	(701, 55, 17, 2.58, 2.46, 3.15, '2018-07-14 08:50:48', '2018-07-14 08:50:48', 0, 0),
	(702, 51, 46, 2.43, 3.45, 2.43, '2018-07-14 08:50:48', '2018-07-14 08:50:48', 0, 0),
	(703, 52, 36, 6.4, 1.52, 3.55, '2018-07-14 08:50:48', '2018-07-14 08:50:48', 0, 1),
	(704, 53, 34, 2.75, 3.25, 2.26, '2018-07-14 08:50:49', '2018-07-14 08:50:49', 0, 0),
	(705, 54, 9, 1.78, 4.3, 3.3, '2018-07-14 08:50:49', '2018-07-14 08:50:49', 0, 0),
	(706, 4, 61, 2.7, 4.35, 2.01, '2018-07-14 08:51:15', '2018-07-14 08:51:15', 0, 0),
	(707, 9, 45, 1.02, 55, 17.5, '2018-07-14 08:51:15', '2018-07-14 08:51:15', 2, 0),
	(708, 12, 92, 53, 230, 1, '2018-07-14 08:51:16', '2018-07-14 08:51:16', 0, 2),
	(709, 14, 63, 1.01, 90, 24, '2018-07-14 08:51:16', '2018-07-14 08:51:16', 2, 0),
	(710, 56, 3, 1.84, 4.1, 3.1, '2018-07-14 08:51:16', '2018-07-14 08:51:16', 0, 0),
	(711, 18, 92, 80, 130, 1, '2018-07-14 08:51:16', '2018-07-14 08:51:16', 1, 1),
	(712, 15, 92, 45, 56, 1.01, '2018-07-14 08:51:16', '2018-07-14 08:51:16', 1, 1),
	(713, 20, 93, 39, 1.01, 28, '2018-07-14 08:51:16', '2018-07-14 08:51:16', 3, 4),
	(714, 19, 45, 20, 1.1, 8.4, '2018-07-14 08:51:16', '2018-07-14 08:51:16', 0, 2),
	(715, 23, 45, 2.04, 3.45, 3, '2018-07-14 08:51:16', '2018-07-14 08:51:16', 1, 1),
	(716, 27, 45, 9, 1.35, 4, '2018-07-14 08:51:17', '2018-07-14 08:51:17', 0, 1),
	(717, 29, 45, 12.5, 1.28, 4.1, '2018-07-14 08:51:17', '2018-07-14 08:51:17', 0, 1),
	(718, 34, 45, 1.02, 80, 21, '2018-07-14 08:51:17', '2018-07-14 08:51:17', 2, 0),
	(719, 37, 65, 2.4, 5.3, 2, '2018-07-14 08:51:17', '2018-07-14 08:51:17', 0, 0),
	(720, 31, 46, 1.44, 6.4, 3.85, '2018-07-14 08:51:17', '2018-07-14 08:51:17', 1, 0),
	(721, 28, 45, 1.99, 4.35, 2.63, '2018-07-14 08:51:17', '2018-07-14 08:51:17', 0, 0),
	(722, 32, 45, 1.14, 19, 6, '2018-07-14 08:51:17', '2018-07-14 08:51:17', 1, 0),
	(723, 38, 88, 19, 11, 1.07, '2018-07-14 08:51:17', '2018-07-14 08:51:17', 1, 1),
	(724, 33, 45, 2.79, 2.79, 2.52, '2018-07-14 08:51:17', '2018-07-14 08:51:17', 0, 0),
	(725, 41, 45, 4.8, 1.72, 3.25, '2018-07-14 08:51:18', '2018-07-14 08:51:18', 0, 1),
	(726, 39, 60, 2.85, 3.7, 2.04, '2018-07-14 08:51:18', '2018-07-14 08:51:18', 0, 0),
	(727, 44, 45, 1.81, 3.8, 3.4, '2018-07-14 08:51:18', '2018-07-14 08:51:18', 1, 0),
	(728, 45, 45, 1.82, 4.8, 2.82, '2018-07-14 08:51:18', '2018-07-14 08:51:18', 0, 0),
	(729, 47, 18, 1.32, 7.2, 5, '2018-07-14 08:51:18', '2018-07-14 08:51:18', 1, 0),
	(730, 46, 45, 5.4, 1.52, 3.75, '2018-07-14 08:51:18', '2018-07-14 08:51:18', 0, 1),
	(731, 49, 45, 2.4, 3.65, 2.45, '2018-07-14 08:51:18', '2018-07-14 08:51:18', 0, 0),
	(732, 55, 18, 2.58, 2.46, 3.15, '2018-07-14 08:51:18', '2018-07-14 08:51:18', 0, 0),
	(733, 51, 45, 2.43, 3.45, 2.43, '2018-07-14 08:51:18', '2018-07-14 08:51:18', 0, 0),
	(734, 52, 36, 6.4, 1.52, 3.55, '2018-07-14 08:51:18', '2018-07-14 08:51:18', 0, 1),
	(735, 53, 34, 2.76, 3.25, 2.25, '2018-07-14 08:51:19', '2018-07-14 08:51:19', 0, 0),
	(736, 54, 9, 1.78, 4.3, 3.3, '2018-07-14 08:51:19', '2018-07-14 08:51:19', 0, 0),
	(737, 4, 61, 2.7, 4.35, 2.01, '2018-07-14 08:51:45', '2018-07-14 08:51:45', 0, 0),
	(738, 9, 45, 1.02, 55, 17.5, '2018-07-14 08:51:45', '2018-07-14 08:51:45', 2, 0),
	(739, 12, 92, 53, 230, 1, '2018-07-14 08:51:45', '2018-07-14 08:51:45', 0, 2),
	(740, 14, 63, 1.01, 90, 24, '2018-07-14 08:51:46', '2018-07-14 08:51:46', 2, 0),
	(741, 56, 3, 1.84, 4.1, 3.1, '2018-07-14 08:51:46', '2018-07-14 08:51:46', 0, 0),
	(742, 18, 92, 80, 130, 1, '2018-07-14 08:51:46', '2018-07-14 08:51:46', 1, 1),
	(743, 15, 92, 100, 110, 1, '2018-07-14 08:51:46', '2018-07-14 08:51:46', 1, 1),
	(744, 20, 93, 39, 1.01, 28, '2018-07-14 08:51:46', '2018-07-14 08:51:46', 3, 4),
	(745, 19, 45, 20, 1.1, 8.4, '2018-07-14 08:51:46', '2018-07-14 08:51:46', 0, 2),
	(746, 23, 45, 2.04, 3.45, 3, '2018-07-14 08:51:46', '2018-07-14 08:51:46', 1, 1),
	(747, 27, 45, 9, 1.35, 4, '2018-07-14 08:51:46', '2018-07-14 08:51:46', 0, 1),
	(748, 29, 45, 12.5, 1.28, 4.1, '2018-07-14 08:51:46', '2018-07-14 08:51:46', 0, 1),
	(749, 34, 45, 1.02, 80, 21, '2018-07-14 08:51:47', '2018-07-14 08:51:47', 2, 0),
	(750, 37, 66, 2.45, 5.3, 2, '2018-07-14 08:51:47', '2018-07-14 08:51:47', 0, 0),
	(751, 31, 46, 1.43, 6.6, 3.85, '2018-07-14 08:51:47', '2018-07-14 08:51:47', 1, 0),
	(752, 28, 45, 1.99, 4.35, 2.63, '2018-07-14 08:51:47', '2018-07-14 08:51:47', 0, 0),
	(753, 32, 45, 1.14, 19, 6, '2018-07-14 08:51:47', '2018-07-14 08:51:47', 1, 0),
	(754, 38, 88, 21, 13, 1.06, '2018-07-14 08:51:47', '2018-07-14 08:51:47', 1, 1),
	(755, 33, 45, 2.79, 2.79, 2.52, '2018-07-14 08:51:47', '2018-07-14 08:51:47', 0, 0),
	(756, 41, 45, 4.8, 1.72, 3.25, '2018-07-14 08:51:47', '2018-07-14 08:51:47', 0, 1),
	(757, 39, 61, 2.88, 3.7, 2.02, '2018-07-14 08:51:47', '2018-07-14 08:51:47', 0, 0),
	(758, 44, 45, 1.81, 3.8, 3.4, '2018-07-14 08:51:48', '2018-07-14 08:51:48', 1, 0),
	(759, 45, 45, 1.82, 4.8, 2.82, '2018-07-14 08:51:48', '2018-07-14 08:51:48', 0, 0),
	(760, 47, 19, 1.3, 7.4, 5, '2018-07-14 08:51:48', '2018-07-14 08:51:48', 1, 0),
	(761, 46, 45, 5.4, 1.52, 3.75, '2018-07-14 08:51:48', '2018-07-14 08:51:48', 0, 1),
	(762, 49, 45, 2.4, 3.65, 2.45, '2018-07-14 08:51:48', '2018-07-14 08:51:48', 0, 0),
	(763, 55, 19, 2.58, 2.47, 3.15, '2018-07-14 08:51:48', '2018-07-14 08:51:48', 0, 0),
	(764, 51, 45, 2.43, 3.45, 2.43, '2018-07-14 08:51:48', '2018-07-14 08:51:48', 0, 0),
	(765, 52, 37, 6.4, 1.52, 3.55, '2018-07-14 08:51:48', '2018-07-14 08:51:48', 0, 1),
	(766, 53, 35, 2.77, 3.25, 2.24, '2018-07-14 08:51:49', '2018-07-14 08:51:49', 0, 0),
	(767, 54, 10, 1.78, 4.3, 3.3, '2018-07-14 08:51:49', '2018-07-14 08:51:49', 0, 0),
	(768, 4, 62, 2.75, 4.4, 1.97, '2018-07-14 08:52:15', '2018-07-14 08:52:15', 0, 0),
	(769, 9, 45, 1.02, 55, 17.5, '2018-07-14 08:52:15', '2018-07-14 08:52:15', 2, 0),
	(770, 12, 92, 53, 230, 1, '2018-07-14 08:52:16', '2018-07-14 08:52:16', 0, 2),
	(771, 14, 64, 1.01, 95, 27, '2018-07-14 08:52:16', '2018-07-14 08:52:16', 2, 0),
	(772, 56, 4, 1.84, 4.1, 3.1, '2018-07-14 08:52:16', '2018-07-14 08:52:16', 0, 0),
	(773, 18, 92, 80, 130, 1, '2018-07-14 08:52:16', '2018-07-14 08:52:16', 1, 1),
	(774, 15, 92, 100, 110, 1, '2018-07-14 08:52:16', '2018-07-14 08:52:16', 1, 1),
	(775, 19, 45, 20, 1.1, 8.4, '2018-07-14 08:52:16', '2018-07-14 08:52:16', 0, 2),
	(776, 23, 45, 2.04, 3.45, 3, '2018-07-14 08:52:16', '2018-07-14 08:52:16', 1, 1),
	(777, 27, 45, 9, 1.35, 4, '2018-07-14 08:52:16', '2018-07-14 08:52:16', 0, 1),
	(778, 29, 45, 12.5, 1.28, 4.1, '2018-07-14 08:52:16', '2018-07-14 08:52:16', 0, 1),
	(779, 34, 45, 1.02, 80, 21, '2018-07-14 08:52:17', '2018-07-14 08:52:17', 2, 0),
	(780, 37, 66, 2.45, 5.3, 2, '2018-07-14 08:52:17', '2018-07-14 08:52:17', 0, 0),
	(781, 31, 46, 1.43, 6.6, 3.85, '2018-07-14 08:52:17', '2018-07-14 08:52:17', 1, 0),
	(782, 28, 45, 1.94, 4.55, 2.66, '2018-07-14 08:52:17', '2018-07-14 08:52:17', 0, 0),
	(783, 32, 45, 1.14, 19, 6, '2018-07-14 08:52:17', '2018-07-14 08:52:17', 1, 0),
	(784, 38, 89, 24, 15, 1.05, '2018-07-14 08:52:17', '2018-07-14 08:52:17', 1, 1),
	(785, 33, 45, 2.79, 2.79, 2.52, '2018-07-14 08:52:17', '2018-07-14 08:52:17', 0, 0),
	(786, 41, 45, 4.8, 1.72, 3.25, '2018-07-14 08:52:17', '2018-07-14 08:52:17', 0, 1),
	(787, 39, 62, 2.9, 3.75, 2, '2018-07-14 08:52:17', '2018-07-14 08:52:17', 0, 0),
	(788, 44, 45, 1.81, 3.8, 3.4, '2018-07-14 08:52:17', '2018-07-14 08:52:17', 1, 0),
	(789, 45, 45, 1.82, 4.8, 2.82, '2018-07-14 08:52:17', '2018-07-14 08:52:17', 0, 0),
	(790, 47, 19, 1.3, 7.4, 5, '2018-07-14 08:52:18', '2018-07-14 08:52:18', 1, 0),
	(791, 46, 45, 5.4, 1.52, 3.75, '2018-07-14 08:52:18', '2018-07-14 08:52:18', 0, 1),
	(792, 49, 45, 2.4, 3.65, 2.45, '2018-07-14 08:52:18', '2018-07-14 08:52:18', 0, 0),
	(793, 55, 19, 2.59, 2.49, 3.1, '2018-07-14 08:52:18', '2018-07-14 08:52:18', 0, 0),
	(794, 51, 45, 2.43, 3.45, 2.43, '2018-07-14 08:52:18', '2018-07-14 08:52:18', 0, 0),
	(795, 52, 37, 6.5, 1.5, 3.55, '2018-07-14 08:52:18', '2018-07-14 08:52:18', 0, 1),
	(796, 53, 35, 2.77, 3.25, 2.24, '2018-07-14 08:52:18', '2018-07-14 08:52:18', 0, 0),
	(797, 54, 10, 1.78, 4.3, 3.3, '2018-07-14 08:52:18', '2018-07-14 08:52:18', 0, 0),
	(798, 4, 62, 2.75, 4.4, 1.97, '2018-07-14 08:52:45', '2018-07-14 08:52:45', 0, 0),
	(799, 9, 45, 1.02, 55, 17.5, '2018-07-14 08:52:45', '2018-07-14 08:52:45', 2, 0),
	(800, 12, 92, 53, 230, 1, '2018-07-14 08:52:45', '2018-07-14 08:52:45', 0, 2),
	(801, 14, 64, 1.01, 100, 27, '2018-07-14 08:52:46', '2018-07-14 08:52:46', 2, 0),
	(802, 56, 4, 1.84, 4.1, 3.1, '2018-07-14 08:52:46', '2018-07-14 08:52:46', 0, 0),
	(803, 15, 92, 100, 110, 1, '2018-07-14 08:52:46', '2018-07-14 08:52:46', 1, 1),
	(804, 19, 45, 20, 1.1, 8.4, '2018-07-14 08:52:46', '2018-07-14 08:52:46', 0, 2),
	(805, 23, 45, 2.04, 3.45, 3, '2018-07-14 08:52:46', '2018-07-14 08:52:46', 1, 1),
	(806, 27, 45, 9, 1.35, 4, '2018-07-14 08:52:46', '2018-07-14 08:52:46', 0, 1),
	(807, 29, 45, 12.5, 1.28, 4.1, '2018-07-14 08:52:46', '2018-07-14 08:52:46', 0, 1),
	(808, 34, 45, 1.02, 80, 21, '2018-07-14 08:52:46', '2018-07-14 08:52:46', 2, 0),
	(809, 37, 67, 2.45, 5.4, 1.95, '2018-07-14 08:52:47', '2018-07-14 08:52:47', 0, 0),
	(810, 31, 45, 1.43, 6.6, 3.85, '2018-07-14 08:52:47', '2018-07-14 08:52:47', 1, 0),
	(811, 28, 45, 1.94, 4.55, 2.66, '2018-07-14 08:52:47', '2018-07-14 08:52:47', 0, 0),
	(812, 32, 45, 1.14, 19, 6, '2018-07-14 08:52:47', '2018-07-14 08:52:47', 1, 0),
	(813, 33, 45, 2.79, 2.79, 2.52, '2018-07-14 08:52:47', '2018-07-14 08:52:47', 0, 0),
	(814, 41, 45, 4.8, 1.72, 3.25, '2018-07-14 08:52:47', '2018-07-14 08:52:47', 0, 1),
	(815, 39, 62, 2.9, 3.75, 2, '2018-07-14 08:52:47', '2018-07-14 08:52:47', 0, 0),
	(816, 44, 45, 1.81, 3.8, 3.4, '2018-07-14 08:52:47', '2018-07-14 08:52:47', 1, 0),
	(817, 45, 45, 1.82, 4.8, 2.82, '2018-07-14 08:52:47', '2018-07-14 08:52:47', 0, 0),
	(818, 47, 20, 1.3, 7.4, 5, '2018-07-14 08:52:47', '2018-07-14 08:52:47', 1, 0),
	(819, 46, 45, 5.4, 1.52, 3.75, '2018-07-14 08:52:47', '2018-07-14 08:52:47', 0, 1),
	(820, 49, 45, 2.4, 3.65, 2.45, '2018-07-14 08:52:48', '2018-07-14 08:52:48', 0, 0),
	(821, 55, 19, 2.6, 2.49, 3.05, '2018-07-14 08:52:48', '2018-07-14 08:52:48', 0, 0),
	(822, 51, 45, 2.43, 3.45, 2.43, '2018-07-14 08:52:48', '2018-07-14 08:52:48', 0, 0),
	(823, 52, 38, 6.5, 1.5, 3.55, '2018-07-14 08:52:48', '2018-07-14 08:52:48', 0, 1),
	(824, 53, 36, 2.78, 3.3, 2.23, '2018-07-14 08:52:48', '2018-07-14 08:52:48', 0, 0),
	(825, 54, 11, 1.78, 4.3, 3.25, '2018-07-14 08:52:48', '2018-07-14 08:52:48', 0, 0),
	(826, 4, 63, 2.72, 4.55, 1.96, '2018-07-14 08:53:15', '2018-07-14 08:53:15', 0, 0),
	(827, 9, 45, 1.02, 55, 17.5, '2018-07-14 08:53:15', '2018-07-14 08:53:15', 2, 0),
	(828, 12, 92, 53, 230, 1, '2018-07-14 08:53:16', '2018-07-14 08:53:16', 0, 2),
	(829, 14, 65, 1.01, 100, 28, '2018-07-14 08:53:16', '2018-07-14 08:53:16', 2, 0),
	(830, 56, 5, 1.85, 4.1, 3.05, '2018-07-14 08:53:16', '2018-07-14 08:53:16', 0, 0),
	(831, 15, 92, 100, 110, 1, '2018-07-14 08:53:16', '2018-07-14 08:53:16', 1, 1),
	(832, 19, 45, 20, 1.1, 8.4, '2018-07-14 08:53:16', '2018-07-14 08:53:16', 0, 2),
	(833, 23, 45, 2.04, 3.45, 3, '2018-07-14 08:53:16', '2018-07-14 08:53:16', 1, 1),
	(834, 27, 45, 9, 1.35, 4, '2018-07-14 08:53:16', '2018-07-14 08:53:16', 0, 1),
	(835, 29, 45, 12.5, 1.28, 4.1, '2018-07-14 08:53:16', '2018-07-14 08:53:16', 0, 1),
	(836, 34, 45, 1.02, 80, 21, '2018-07-14 08:53:16', '2018-07-14 08:53:16', 2, 0),
	(837, 37, 68, 2.5, 5.4, 1.95, '2018-07-14 08:53:17', '2018-07-14 08:53:17', 0, 0),
	(838, 31, 45, 1.43, 6.6, 3.85, '2018-07-14 08:53:17', '2018-07-14 08:53:17', 1, 0),
	(839, 28, 45, 1.94, 4.55, 2.66, '2018-07-14 08:53:17', '2018-07-14 08:53:17', 0, 0),
	(840, 32, 45, 1.14, 19, 6, '2018-07-14 08:53:17', '2018-07-14 08:53:17', 1, 0),
	(841, 33, 45, 2.79, 2.79, 2.52, '2018-07-14 08:53:17', '2018-07-14 08:53:17', 0, 0),
	(842, 41, 45, 4.8, 1.72, 3.25, '2018-07-14 08:53:17', '2018-07-14 08:53:17', 0, 1),
	(843, 39, 62, 2.93, 3.75, 1.98, '2018-07-14 08:53:17', '2018-07-14 08:53:17', 0, 0),
	(844, 44, 45, 1.81, 3.8, 3.4, '2018-07-14 08:53:17', '2018-07-14 08:53:17', 1, 0),
	(845, 45, 45, 1.82, 4.8, 2.82, '2018-07-14 08:53:17', '2018-07-14 08:53:17', 0, 0),
	(846, 47, 20, 1.3, 7.4, 5, '2018-07-14 08:53:17', '2018-07-14 08:53:17', 1, 0),
	(847, 46, 45, 5.4, 1.52, 3.75, '2018-07-14 08:53:18', '2018-07-14 08:53:18', 0, 1),
	(848, 49, 45, 2.4, 3.65, 2.45, '2018-07-14 08:53:18', '2018-07-14 08:53:18', 0, 0),
	(849, 55, 20, 2.67, 2.41, 3.1, '2018-07-14 08:53:18', '2018-07-14 08:53:18', 0, 0),
	(850, 51, 45, 2.43, 3.45, 2.43, '2018-07-14 08:53:18', '2018-07-14 08:53:18', 0, 0),
	(851, 52, 38, 6.6, 1.5, 3.55, '2018-07-14 08:53:18', '2018-07-14 08:53:18', 0, 1),
	(852, 53, 36, 2.79, 3.3, 2.22, '2018-07-14 08:53:18', '2018-07-14 08:53:18', 0, 0),
	(853, 54, 11, 1.78, 4.3, 3.25, '2018-07-14 08:53:18', '2018-07-14 08:53:18', 0, 0),
	(854, 4, 63, 2.72, 4.55, 1.96, '2018-07-14 08:53:45', '2018-07-14 08:53:45', 0, 0),
	(855, 9, 45, 1.02, 55, 17.5, '2018-07-14 08:53:46', '2018-07-14 08:53:46', 2, 0),
	(856, 14, 65, 1.01, 100, 28, '2018-07-14 08:53:46', '2018-07-14 08:53:46', 2, 0),
	(857, 56, 6, 1.85, 4.1, 3.05, '2018-07-14 08:53:46', '2018-07-14 08:53:46', 0, 0),
	(858, 15, 92, 100, 110, 1, '2018-07-14 08:53:46', '2018-07-14 08:53:46', 1, 1),
	(859, 19, 45, 20, 1.1, 8.4, '2018-07-14 08:53:46', '2018-07-14 08:53:46', 0, 2),
	(860, 23, 45, 2.04, 3.45, 3, '2018-07-14 08:53:46', '2018-07-14 08:53:46', 1, 1),
	(861, 27, 45, 9, 1.35, 4, '2018-07-14 08:53:46', '2018-07-14 08:53:46', 0, 1),
	(862, 29, 45, 12.5, 1.28, 4.1, '2018-07-14 08:53:46', '2018-07-14 08:53:46', 0, 1),
	(863, 34, 45, 1.02, 80, 21, '2018-07-14 08:53:46', '2018-07-14 08:53:46', 2, 0),
	(864, 37, 68, 2.5, 5.5, 1.95, '2018-07-14 08:53:47', '2018-07-14 08:53:47', 0, 0),
	(865, 31, 45, 1.43, 6.6, 3.85, '2018-07-14 08:53:47', '2018-07-14 08:53:47', 1, 0),
	(866, 28, 45, 1.94, 4.55, 2.66, '2018-07-14 08:53:47', '2018-07-14 08:53:47', 0, 0),
	(867, 32, 45, 1.14, 19, 6, '2018-07-14 08:53:47', '2018-07-14 08:53:47', 1, 0),
	(868, 33, 45, 2.79, 2.79, 2.52, '2018-07-14 08:53:47', '2018-07-14 08:53:47', 0, 0),
	(869, 41, 45, 4.8, 1.72, 3.25, '2018-07-14 08:53:47', '2018-07-14 08:53:47', 0, 1),
	(870, 39, 63, 2.95, 3.8, 1.96, '2018-07-14 08:53:47', '2018-07-14 08:53:47', 0, 0),
	(871, 44, 45, 1.81, 3.8, 3.4, '2018-07-14 08:53:47', '2018-07-14 08:53:47', 1, 0),
	(872, 45, 45, 1.82, 4.8, 2.82, '2018-07-14 08:53:47', '2018-07-14 08:53:47', 0, 0),
	(873, 47, 21, 1.3, 7.4, 5, '2018-07-14 08:53:47', '2018-07-14 08:53:47', 1, 0),
	(874, 46, 45, 5.4, 1.52, 3.75, '2018-07-14 08:53:48', '2018-07-14 08:53:48', 0, 1),
	(875, 49, 45, 2.4, 3.65, 2.45, '2018-07-14 08:53:48', '2018-07-14 08:53:48', 0, 0),
	(876, 55, 20, 2.68, 2.41, 3.1, '2018-07-14 08:53:48', '2018-07-14 08:53:48', 0, 0),
	(877, 51, 45, 2.43, 3.45, 2.43, '2018-07-14 08:53:48', '2018-07-14 08:53:48', 0, 0),
	(878, 52, 39, 6.6, 1.5, 3.55, '2018-07-14 08:53:48', '2018-07-14 08:53:48', 0, 1),
	(879, 53, 37, 2.8, 3.3, 2.21, '2018-07-14 08:53:48', '2018-07-14 08:53:48', 0, 0),
	(880, 54, 12, 1.78, 4.3, 3.25, '2018-07-14 08:53:48', '2018-07-14 08:53:48', 0, 0),
	(881, 4, 63, 2.75, 4.6, 1.94, '2018-07-14 08:54:15', '2018-07-14 08:54:15', 0, 0),
	(882, 9, 45, 1.02, 55, 17.5, '2018-07-14 08:54:15', '2018-07-14 08:54:15', 2, 0),
	(883, 14, 66, 1.01, 100, 28, '2018-07-14 08:54:15', '2018-07-14 08:54:15', 2, 0),
	(884, 56, 6, 1.9, 3.9, 3.05, '2018-07-14 08:54:16', '2018-07-14 08:54:16', 0, 0),
	(885, 15, 92, 100, 110, 1, '2018-07-14 08:54:16', '2018-07-14 08:54:16', 1, 1),
	(886, 19, 45, 20, 1.1, 8.4, '2018-07-14 08:54:16', '2018-07-14 08:54:16', 0, 2),
	(887, 23, 45, 2.04, 3.45, 3, '2018-07-14 08:54:16', '2018-07-14 08:54:16', 1, 1),
	(888, 27, 45, 9, 1.35, 4, '2018-07-14 08:54:16', '2018-07-14 08:54:16', 0, 1),
	(889, 29, 45, 12.5, 1.28, 4.1, '2018-07-14 08:54:16', '2018-07-14 08:54:16', 0, 1),
	(890, 34, 45, 1.02, 80, 21, '2018-07-14 08:54:16', '2018-07-14 08:54:16', 2, 0),
	(891, 37, 69, 2.6, 5.5, 1.85, '2018-07-14 08:54:17', '2018-07-14 08:54:17', 0, 0),
	(892, 31, 45, 1.43, 6.6, 3.85, '2018-07-14 08:54:17', '2018-07-14 08:54:17', 1, 0),
	(893, 28, 45, 1.94, 4.55, 2.66, '2018-07-14 08:54:17', '2018-07-14 08:54:17', 0, 0),
	(894, 32, 45, 1.14, 19, 6, '2018-07-14 08:54:17', '2018-07-14 08:54:17', 1, 0),
	(895, 33, 45, 2.78, 2.78, 2.54, '2018-07-14 08:54:17', '2018-07-14 08:54:17', 0, 0),
	(896, 41, 45, 4.8, 1.72, 3.25, '2018-07-14 08:54:17', '2018-07-14 08:54:17', 0, 1),
	(897, 39, 64, 2.97, 3.8, 1.95, '2018-07-14 08:54:17', '2018-07-14 08:54:17', 0, 0),
	(898, 44, 45, 1.81, 3.8, 3.4, '2018-07-14 08:54:17', '2018-07-14 08:54:17', 1, 0),
	(899, 45, 45, 1.81, 4.85, 2.84, '2018-07-14 08:54:17', '2018-07-14 08:54:17', 0, 0),
	(900, 47, 21, 1.32, 7.4, 4.9, '2018-07-14 08:54:18', '2018-07-14 08:54:18', 1, 0),
	(901, 46, 45, 5.4, 1.52, 3.75, '2018-07-14 08:54:18', '2018-07-14 08:54:18', 0, 1),
	(902, 49, 45, 2.4, 3.65, 2.45, '2018-07-14 08:54:18', '2018-07-14 08:54:18', 0, 0),
	(903, 55, 21, 2.68, 2.41, 3.1, '2018-07-14 08:54:18', '2018-07-14 08:54:18', 0, 0),
	(904, 51, 45, 2.45, 3.45, 2.42, '2018-07-14 08:54:18', '2018-07-14 08:54:18', 0, 0),
	(905, 52, 39, 6.6, 1.5, 3.55, '2018-07-14 08:54:18', '2018-07-14 08:54:18', 0, 1),
	(906, 53, 37, 2.81, 3.3, 2.2, '2018-07-14 08:54:18', '2018-07-14 08:54:18', 0, 0),
	(907, 54, 12, 1.78, 4.3, 3.25, '2018-07-14 08:54:18', '2018-07-14 08:54:18', 0, 0),
	(908, 4, 64, 2.78, 4.65, 1.91, '2018-07-14 08:54:46', '2018-07-14 08:54:46', 0, 0),
	(909, 9, 45, 1.02, 55, 17.5, '2018-07-14 08:54:46', '2018-07-14 08:54:46', 2, 0),
	(910, 14, 66, 1.01, 100, 29, '2018-07-14 08:54:46', '2018-07-14 08:54:46', 2, 0),
	(911, 56, 6, 1.9, 3.9, 3.05, '2018-07-14 08:54:46', '2018-07-14 08:54:46', 0, 0),
	(912, 15, 92, 100, 110, 1, '2018-07-14 08:54:46', '2018-07-14 08:54:46', 1, 1),
	(913, 19, 45, 20, 1.1, 8.4, '2018-07-14 08:54:46', '2018-07-14 08:54:46', 0, 2),
	(914, 23, 45, 2.04, 3.45, 3, '2018-07-14 08:54:46', '2018-07-14 08:54:46', 1, 1),
	(915, 27, 45, 9, 1.35, 4, '2018-07-14 08:54:46', '2018-07-14 08:54:46', 0, 1),
	(916, 29, 45, 12.5, 1.28, 4.1, '2018-07-14 08:54:46', '2018-07-14 08:54:46', 0, 1),
	(917, 34, 45, 1.02, 80, 21, '2018-07-14 08:54:46', '2018-07-14 08:54:46', 2, 0),
	(918, 37, 69, 2.65, 5.5, 1.85, '2018-07-14 08:54:46', '2018-07-14 08:54:46', 0, 0),
	(919, 31, 45, 1.43, 6.6, 3.85, '2018-07-14 08:54:47', '2018-07-14 08:54:47', 1, 0),
	(920, 28, 45, 1.94, 4.55, 2.66, '2018-07-14 08:54:47', '2018-07-14 08:54:47', 0, 0),
	(921, 32, 45, 1.14, 19, 6, '2018-07-14 08:54:47', '2018-07-14 08:54:47', 1, 0),
	(922, 33, 45, 2.78, 2.78, 2.54, '2018-07-14 08:54:47', '2018-07-14 08:54:47', 0, 0),
	(923, 41, 45, 4.8, 1.72, 3.25, '2018-07-14 08:54:47', '2018-07-14 08:54:47', 0, 1),
	(924, 39, 64, 2.99, 3.85, 1.93, '2018-07-14 08:54:47', '2018-07-14 08:54:47', 0, 0),
	(925, 44, 45, 1.81, 3.8, 3.4, '2018-07-14 08:54:47', '2018-07-14 08:54:47', 1, 0),
	(926, 45, 45, 1.81, 4.85, 2.84, '2018-07-14 08:54:47', '2018-07-14 08:54:47', 0, 0),
	(927, 47, 22, 1.32, 7.5, 4.9, '2018-07-14 08:54:47', '2018-07-14 08:54:47', 1, 0),
	(928, 46, 45, 5.4, 1.52, 3.75, '2018-07-14 08:54:47', '2018-07-14 08:54:47', 0, 1),
	(929, 49, 45, 2.4, 3.65, 2.45, '2018-07-14 08:54:48', '2018-07-14 08:54:48', 0, 0),
	(930, 55, 21, 2.69, 2.41, 3.05, '2018-07-14 08:54:48', '2018-07-14 08:54:48', 0, 0),
	(931, 51, 45, 2.33, 3.65, 2.43, '2018-07-14 08:54:48', '2018-07-14 08:54:48', 0, 0),
	(932, 52, 39, 6.8, 1.48, 3.55, '2018-07-14 08:54:48', '2018-07-14 08:54:48', 0, 1),
	(933, 53, 37, 2.83, 3.3, 2.18, '2018-07-14 08:54:48', '2018-07-14 08:54:48', 0, 0),
	(934, 54, 13, 1.8, 4.3, 3.2, '2018-07-14 08:54:48', '2018-07-14 08:54:48', 0, 0),
	(935, 4, 64, 2.8, 4.65, 1.9, '2018-07-14 08:55:15', '2018-07-14 08:55:15', 0, 0),
	(936, 9, 45, 1.02, 55, 17.5, '2018-07-14 08:55:15', '2018-07-14 08:55:15', 2, 0),
	(937, 14, 67, 1.01, 100, 29, '2018-07-14 08:55:15', '2018-07-14 08:55:15', 2, 0),
	(938, 56, 8, 1.93, 3.95, 2.93, '2018-07-14 08:55:16', '2018-07-14 08:55:16', 0, 0),
	(939, 19, 45, 20, 1.1, 8.4, '2018-07-14 08:55:16', '2018-07-14 08:55:16', 0, 2),
	(940, 27, 45, 9, 1.35, 4, '2018-07-14 08:55:16', '2018-07-14 08:55:16', 0, 1),
	(941, 23, 45, 2.04, 3.45, 3, '2018-07-14 08:55:16', '2018-07-14 08:55:16', 1, 1),
	(942, 37, 70, 2.65, 5.6, 1.85, '2018-07-14 08:55:16', '2018-07-14 08:55:16', 0, 0),
	(943, 34, 45, 1.02, 80, 21, '2018-07-14 08:55:16', '2018-07-14 08:55:16', 2, 0),
	(944, 28, 45, 1.94, 4.55, 2.66, '2018-07-14 08:55:16', '2018-07-14 08:55:16', 0, 0),
	(945, 29, 45, 12.5, 1.28, 4.1, '2018-07-14 08:55:16', '2018-07-14 08:55:16', 0, 1),
	(946, 39, 64, 3, 3.9, 1.91, '2018-07-14 08:55:16', '2018-07-14 08:55:16', 0, 0),
	(947, 31, 45, 1.43, 6.6, 3.85, '2018-07-14 08:55:17', '2018-07-14 08:55:17', 1, 0),
	(948, 32, 45, 1.14, 19, 6, '2018-07-14 08:55:17', '2018-07-14 08:55:17', 1, 0),
	(949, 44, 45, 1.81, 3.8, 3.4, '2018-07-14 08:55:17', '2018-07-14 08:55:17', 1, 0),
	(950, 33, 45, 2.78, 2.78, 2.54, '2018-07-14 08:55:17', '2018-07-14 08:55:17', 0, 0),
	(951, 41, 45, 4.8, 1.72, 3.25, '2018-07-14 08:55:17', '2018-07-14 08:55:17', 0, 1),
	(952, 47, 22, 1.32, 7.4, 4.9, '2018-07-14 08:55:17', '2018-07-14 08:55:17', 1, 0),
	(953, 45, 45, 1.81, 4.85, 2.84, '2018-07-14 08:55:17', '2018-07-14 08:55:17', 0, 0),
	(954, 55, 22, 2.69, 2.41, 3.05, '2018-07-14 08:55:17', '2018-07-14 08:55:17', 0, 0),
	(955, 46, 45, 5.4, 1.52, 3.75, '2018-07-14 08:55:17', '2018-07-14 08:55:17', 0, 1),
	(956, 49, 45, 2.4, 3.65, 2.45, '2018-07-14 08:55:17', '2018-07-14 08:55:17', 0, 0),
	(957, 53, 38, 2.83, 3.3, 2.18, '2018-07-14 08:55:18', '2018-07-14 08:55:18', 0, 0),
	(958, 52, 40, 6.8, 1.48, 3.55, '2018-07-14 08:55:18', '2018-07-14 08:55:18', 0, 1),
	(959, 51, 45, 2.31, 3.7, 2.44, '2018-07-14 08:55:18', '2018-07-14 08:55:18', 0, 0),
	(960, 54, 13, 1.8, 4.3, 3.2, '2018-07-14 08:55:18', '2018-07-14 08:55:18', 0, 0),
	(961, 4, 65, 2.83, 4.7, 1.88, '2018-07-14 08:55:45', '2018-07-14 08:55:45', 0, 0),
	(962, 9, 45, 1.02, 55, 17.5, '2018-07-14 08:55:45', '2018-07-14 08:55:45', 2, 0),
	(963, 14, 67, 1.01, 100, 30, '2018-07-14 08:55:46', '2018-07-14 08:55:46', 2, 0),
	(964, 56, 8, 1.93, 3.95, 2.93, '2018-07-14 08:55:46', '2018-07-14 08:55:46', 0, 0),
	(965, 19, 45, 20, 1.1, 8.4, '2018-07-14 08:55:46', '2018-07-14 08:55:46', 0, 2),
	(966, 27, 45, 9, 1.35, 4, '2018-07-14 08:55:46', '2018-07-14 08:55:46', 0, 1),
	(967, 23, 45, 2.04, 3.45, 3, '2018-07-14 08:55:46', '2018-07-14 08:55:46', 1, 1),
	(968, 37, 70, 2.7, 5.6, 1.8, '2018-07-14 08:55:46', '2018-07-14 08:55:46', 0, 0),
	(969, 34, 45, 1.02, 80, 21, '2018-07-14 08:55:46', '2018-07-14 08:55:46', 2, 0),
	(970, 28, 45, 1.94, 4.55, 2.66, '2018-07-14 08:55:46', '2018-07-14 08:55:46', 0, 0),
	(971, 29, 45, 12.5, 1.28, 4.1, '2018-07-14 08:55:46', '2018-07-14 08:55:46', 0, 1),
	(972, 39, 65, 3.05, 3.95, 1.89, '2018-07-14 08:55:46', '2018-07-14 08:55:46', 0, 0),
	(973, 31, 45, 1.43, 6.6, 3.85, '2018-07-14 08:55:47', '2018-07-14 08:55:47', 1, 0),
	(974, 32, 45, 1.14, 19, 6, '2018-07-14 08:55:47', '2018-07-14 08:55:47', 1, 0),
	(975, 44, 45, 1.81, 3.8, 3.4, '2018-07-14 08:55:47', '2018-07-14 08:55:47', 1, 0),
	(976, 33, 45, 2.78, 2.78, 2.54, '2018-07-14 08:55:47', '2018-07-14 08:55:47', 0, 0),
	(977, 41, 45, 4.8, 1.72, 3.25, '2018-07-14 08:55:47', '2018-07-14 08:55:47', 0, 1),
	(978, 47, 23, 1.15, 12.5, 6.8, '2018-07-14 08:55:47', '2018-07-14 08:55:47', 1, 0),
	(979, 45, 45, 1.81, 4.85, 2.84, '2018-07-14 08:55:47', '2018-07-14 08:55:47', 0, 0),
	(980, 55, 22, 2.69, 2.41, 3.05, '2018-07-14 08:55:47', '2018-07-14 08:55:47', 0, 0),
	(981, 46, 45, 5.4, 1.52, 3.75, '2018-07-14 08:55:47', '2018-07-14 08:55:47', 0, 1),
	(982, 49, 45, 2.4, 3.65, 2.45, '2018-07-14 08:55:48', '2018-07-14 08:55:48', 0, 0),
	(983, 53, 39, 2.83, 3.35, 2.17, '2018-07-14 08:55:48', '2018-07-14 08:55:48', 0, 0),
	(984, 52, 40, 6.8, 1.48, 3.55, '2018-07-14 08:55:48', '2018-07-14 08:55:48', 0, 1),
	(985, 51, 45, 2.31, 3.7, 2.44, '2018-07-14 08:55:48', '2018-07-14 08:55:48', 0, 0),
	(986, 54, 14, 1.8, 4.3, 3.2, '2018-07-14 08:55:48', '2018-07-14 08:55:48', 0, 0),
	(987, 4, 66, 2.86, 4.75, 1.86, '2018-07-14 08:56:15', '2018-07-14 08:56:15', 0, 0),
	(988, 9, 45, 1.02, 55, 17.5, '2018-07-14 08:56:16', '2018-07-14 08:56:16', 2, 0),
	(989, 14, 68, 1.01, 100, 30, '2018-07-14 08:56:16', '2018-07-14 08:56:16', 2, 0),
	(990, 56, 8, 1.93, 3.95, 2.93, '2018-07-14 08:56:16', '2018-07-14 08:56:16', 0, 0),
	(991, 19, 45, 20, 1.1, 8.4, '2018-07-14 08:56:16', '2018-07-14 08:56:16', 0, 2),
	(992, 27, 45, 9, 1.35, 4, '2018-07-14 08:56:16', '2018-07-14 08:56:16', 0, 1),
	(993, 23, 45, 2.04, 3.45, 3, '2018-07-14 08:56:16', '2018-07-14 08:56:16', 1, 1),
	(994, 37, 71, 2.7, 5.7, 1.8, '2018-07-14 08:56:16', '2018-07-14 08:56:16', 0, 0),
	(995, 34, 45, 1.02, 80, 21, '2018-07-14 08:56:17', '2018-07-14 08:56:17', 2, 0),
	(996, 28, 45, 1.94, 4.55, 2.66, '2018-07-14 08:56:17', '2018-07-14 08:56:17', 0, 0),
	(997, 29, 45, 12.5, 1.28, 4.1, '2018-07-14 08:56:17', '2018-07-14 08:56:17', 0, 1),
	(998, 39, 65, 3.1, 3.95, 1.87, '2018-07-14 08:56:17', '2018-07-14 08:56:17', 0, 0),
	(999, 31, 45, 1.43, 6.6, 3.85, '2018-07-14 08:56:17', '2018-07-14 08:56:17', 1, 0),
	(1000, 32, 45, 1.14, 19, 6, '2018-07-14 08:56:17', '2018-07-14 08:56:17', 1, 0),
	(1001, 44, 45, 1.81, 3.8, 3.4, '2018-07-14 08:56:17', '2018-07-14 08:56:17', 1, 0),
	(1002, 33, 45, 2.78, 2.78, 2.54, '2018-07-14 08:56:17', '2018-07-14 08:56:17', 0, 0),
	(1003, 41, 45, 4.8, 1.72, 3.25, '2018-07-14 08:56:17', '2018-07-14 08:56:17', 0, 1),
	(1004, 47, 23, 1.15, 13.5, 6.8, '2018-07-14 08:56:18', '2018-07-14 08:56:18', 1, 0),
	(1005, 45, 45, 1.81, 4.85, 2.84, '2018-07-14 08:56:18', '2018-07-14 08:56:18', 0, 0),
	(1006, 55, 23, 2.7, 2.42, 3.05, '2018-07-14 08:56:18', '2018-07-14 08:56:18', 0, 0),
	(1007, 46, 45, 5.4, 1.52, 3.75, '2018-07-14 08:56:18', '2018-07-14 08:56:18', 0, 1),
	(1008, 49, 45, 2.4, 3.65, 2.45, '2018-07-14 08:56:18', '2018-07-14 08:56:18', 0, 0),
	(1009, 53, 39, 2.85, 3.35, 2.16, '2018-07-14 08:56:18', '2018-07-14 08:56:18', 0, 0),
	(1010, 52, 41, 6.8, 1.48, 3.55, '2018-07-14 08:56:18', '2018-07-14 08:56:18', 0, 1),
	(1011, 51, 45, 2.31, 3.7, 2.44, '2018-07-14 08:56:18', '2018-07-14 08:56:18', 0, 0),
	(1012, 54, 14, 1.8, 4.2, 3.25, '2018-07-14 08:56:19', '2018-07-14 08:56:19', 0, 0),
	(1013, 4, 66, 2.86, 4.75, 1.86, '2018-07-14 08:56:45', '2018-07-14 08:56:45', 0, 0),
	(1014, 9, 45, 1.02, 55, 17.5, '2018-07-14 08:56:45', '2018-07-14 08:56:45', 2, 0),
	(1015, 14, 68, 1.01, 110, 30, '2018-07-14 08:56:46', '2018-07-14 08:56:46', 2, 0),
	(1016, 56, 8, 1.93, 3.95, 2.93, '2018-07-14 08:56:46', '2018-07-14 08:56:46', 0, 0),
	(1017, 19, 45, 20, 1.1, 8.4, '2018-07-14 08:56:46', '2018-07-14 08:56:46', 0, 2),
	(1018, 27, 45, 9, 1.35, 4, '2018-07-14 08:56:46', '2018-07-14 08:56:46', 0, 1),
	(1019, 23, 45, 2.05, 3.5, 2.96, '2018-07-14 08:56:46', '2018-07-14 08:56:46', 1, 1),
	(1020, 37, 71, 2.75, 5.7, 1.78, '2018-07-14 08:56:46', '2018-07-14 08:56:46', 0, 0),
	(1021, 34, 45, 1.02, 80, 21, '2018-07-14 08:56:46', '2018-07-14 08:56:46', 2, 0),
	(1022, 28, 45, 1.92, 4.55, 2.68, '2018-07-14 08:56:46', '2018-07-14 08:56:46', 0, 0),
	(1023, 29, 45, 12.5, 1.28, 4.1, '2018-07-14 08:56:47', '2018-07-14 08:56:47', 0, 1),
	(1024, 39, 66, 3.1, 4, 1.85, '2018-07-14 08:56:47', '2018-07-14 08:56:47', 0, 0),
	(1025, 31, 45, 1.43, 6.6, 3.85, '2018-07-14 08:56:47', '2018-07-14 08:56:47', 1, 0),
	(1026, 32, 45, 1.14, 19, 6, '2018-07-14 08:56:47', '2018-07-14 08:56:47', 1, 0),
	(1027, 44, 45, 1.81, 3.8, 3.4, '2018-07-14 08:56:47', '2018-07-14 08:56:47', 1, 0),
	(1028, 33, 45, 2.78, 2.78, 2.54, '2018-07-14 08:56:47', '2018-07-14 08:56:47', 0, 0),
	(1029, 41, 45, 4.8, 1.72, 3.25, '2018-07-14 08:56:47', '2018-07-14 08:56:47', 0, 1),
	(1030, 47, 24, 1.15, 13.5, 6.8, '2018-07-14 08:56:47', '2018-07-14 08:56:47', 1, 0),
	(1031, 45, 45, 1.81, 4.85, 2.84, '2018-07-14 08:56:47', '2018-07-14 08:56:47', 0, 0),
	(1032, 55, 24, 2.72, 2.45, 2.96, '2018-07-14 08:56:47', '2018-07-14 08:56:47', 0, 0),
	(1033, 46, 45, 5.4, 1.52, 3.75, '2018-07-14 08:56:48', '2018-07-14 08:56:48', 0, 1),
	(1034, 49, 45, 2.4, 3.65, 2.45, '2018-07-14 08:56:48', '2018-07-14 08:56:48', 0, 0),
	(1035, 53, 40, 2.86, 3.35, 2.15, '2018-07-14 08:56:48', '2018-07-14 08:56:48', 0, 0),
	(1036, 52, 42, 7, 1.48, 3.55, '2018-07-14 08:56:48', '2018-07-14 08:56:48', 0, 1),
	(1037, 51, 45, 2.31, 3.7, 2.44, '2018-07-14 08:56:48', '2018-07-14 08:56:48', 0, 0),
	(1038, 54, 14, 1.8, 4.2, 3.25, '2018-07-14 08:56:48', '2018-07-14 08:56:48', 0, 0),
	(1039, 4, 67, 2.56, 5.4, 1.91, '2018-07-14 08:57:15', '2018-07-14 08:57:15', 0, 0),
	(1040, 9, 45, 1.02, 55, 17.5, '2018-07-14 08:57:15', '2018-07-14 08:57:15', 2, 0),
	(1041, 14, 69, 1.01, 110, 30, '2018-07-14 08:57:15', '2018-07-14 08:57:15', 2, 0),
	(1042, 56, 9, 1.93, 3.95, 2.92, '2018-07-14 08:57:16', '2018-07-14 08:57:16', 0, 0),
	(1043, 19, 45, 20, 1.1, 8.4, '2018-07-14 08:57:16', '2018-07-14 08:57:16', 0, 2),
	(1044, 27, 45, 9, 1.35, 4, '2018-07-14 08:57:16', '2018-07-14 08:57:16', 0, 1),
	(1045, 23, 45, 2.05, 3.5, 2.96, '2018-07-14 08:57:16', '2018-07-14 08:57:16', 1, 1),
	(1046, 37, 72, 2.75, 5.7, 1.78, '2018-07-14 08:57:16', '2018-07-14 08:57:16', 0, 0),
	(1047, 34, 45, 1.02, 80, 21, '2018-07-14 08:57:16', '2018-07-14 08:57:16', 2, 0),
	(1048, 28, 45, 1.92, 4.55, 2.68, '2018-07-14 08:57:16', '2018-07-14 08:57:16', 0, 0),
	(1049, 29, 45, 12.5, 1.28, 4.1, '2018-07-14 08:57:16', '2018-07-14 08:57:16', 0, 1),
	(1050, 39, 67, 3.15, 4, 1.84, '2018-07-14 08:57:16', '2018-07-14 08:57:16', 0, 0),
	(1051, 31, 45, 1.43, 6.6, 3.85, '2018-07-14 08:57:16', '2018-07-14 08:57:16', 1, 0),
	(1052, 32, 45, 1.14, 19, 6, '2018-07-14 08:57:17', '2018-07-14 08:57:17', 1, 0),
	(1053, 44, 45, 1.81, 3.8, 3.4, '2018-07-14 08:57:17', '2018-07-14 08:57:17', 1, 0),
	(1054, 33, 45, 2.78, 2.78, 2.54, '2018-07-14 08:57:17', '2018-07-14 08:57:17', 0, 0),
	(1055, 41, 45, 4.8, 1.72, 3.25, '2018-07-14 08:57:17', '2018-07-14 08:57:17', 0, 1),
	(1056, 47, 24, 1.15, 13.5, 6.8, '2018-07-14 08:57:17', '2018-07-14 08:57:17', 1, 0),
	(1057, 45, 45, 1.81, 4.85, 2.84, '2018-07-14 08:57:17', '2018-07-14 08:57:17', 0, 0),
	(1058, 55, 24, 2.72, 2.45, 2.96, '2018-07-14 08:57:17', '2018-07-14 08:57:17', 0, 0),
	(1059, 46, 45, 5.4, 1.52, 3.75, '2018-07-14 08:57:17', '2018-07-14 08:57:17', 0, 1),
	(1060, 49, 45, 2.4, 3.65, 2.45, '2018-07-14 08:57:17', '2018-07-14 08:57:17', 0, 0),
	(1061, 53, 40, 2.81, 3.3, 2.21, '2018-07-14 08:57:18', '2018-07-14 08:57:18', 0, 0),
	(1062, 52, 42, 7, 1.48, 3.55, '2018-07-14 08:57:18', '2018-07-14 08:57:18', 0, 1),
	(1063, 51, 45, 2.31, 3.7, 2.44, '2018-07-14 08:57:18', '2018-07-14 08:57:18', 0, 0),
	(1064, 54, 15, 1.8, 4.2, 3.25, '2018-07-14 08:57:18', '2018-07-14 08:57:18', 0, 0),
	(1065, 4, 67, 2.58, 5.5, 1.9, '2018-07-14 08:57:45', '2018-07-14 08:57:45', 0, 0),
	(1066, 9, 45, 1.02, 55, 17.5, '2018-07-14 08:57:45', '2018-07-14 08:57:45', 2, 0),
	(1067, 14, 69, 1.01, 110, 32, '2018-07-14 08:57:45', '2018-07-14 08:57:45', 2, 0),
	(1068, 56, 10, 1.94, 3.95, 2.91, '2018-07-14 08:57:46', '2018-07-14 08:57:46', 0, 0),
	(1069, 19, 45, 20, 1.1, 8.4, '2018-07-14 08:57:46', '2018-07-14 08:57:46', 0, 2),
	(1070, 27, 45, 9, 1.35, 4, '2018-07-14 08:57:46', '2018-07-14 08:57:46', 0, 1),
	(1071, 23, 45, 2.05, 3.5, 2.96, '2018-07-14 08:57:46', '2018-07-14 08:57:46', 1, 1),
	(1072, 37, 72, 2.8, 5.8, 1.75, '2018-07-14 08:57:46', '2018-07-14 08:57:46', 0, 0),
	(1073, 34, 45, 1.02, 80, 21, '2018-07-14 08:57:46', '2018-07-14 08:57:46', 2, 0),
	(1074, 28, 45, 1.92, 4.55, 2.68, '2018-07-14 08:57:46', '2018-07-14 08:57:46', 0, 0),
	(1075, 29, 45, 12.5, 1.28, 4.1, '2018-07-14 08:57:46', '2018-07-14 08:57:46', 0, 1),
	(1076, 39, 67, 3.15, 4.05, 1.82, '2018-07-14 08:57:46', '2018-07-14 08:57:46', 0, 0),
	(1077, 31, 45, 1.43, 6.6, 3.85, '2018-07-14 08:57:46', '2018-07-14 08:57:46', 1, 0),
	(1078, 32, 45, 1.14, 19, 6, '2018-07-14 08:57:47', '2018-07-14 08:57:47', 1, 0),
	(1079, 44, 45, 1.81, 3.8, 3.4, '2018-07-14 08:57:47', '2018-07-14 08:57:47', 1, 0),
	(1080, 33, 45, 2.78, 2.78, 2.54, '2018-07-14 08:57:47', '2018-07-14 08:57:47', 0, 0),
	(1081, 41, 46, 4.8, 1.72, 3.25, '2018-07-14 08:57:47', '2018-07-14 08:57:47', 0, 1),
	(1082, 47, 25, 1.15, 13.5, 6.8, '2018-07-14 08:57:47', '2018-07-14 08:57:47', 1, 0),
	(1083, 45, 45, 1.81, 4.85, 2.83, '2018-07-14 08:57:47', '2018-07-14 08:57:47', 0, 0),
	(1084, 55, 24, 2.74, 2.45, 2.95, '2018-07-14 08:57:47', '2018-07-14 08:57:47', 0, 0),
	(1085, 46, 45, 5.4, 1.52, 3.75, '2018-07-14 08:57:47', '2018-07-14 08:57:47', 0, 1),
	(1086, 49, 45, 2.4, 3.65, 2.45, '2018-07-14 08:57:47', '2018-07-14 08:57:47', 0, 0),
	(1087, 53, 40, 2.81, 3.3, 2.21, '2018-07-14 08:57:47', '2018-07-14 08:57:47', 0, 0),
	(1088, 52, 43, 7, 1.48, 3.55, '2018-07-14 08:57:47', '2018-07-14 08:57:47', 0, 1),
	(1089, 51, 45, 2.31, 3.7, 2.44, '2018-07-14 08:57:47', '2018-07-14 08:57:47', 0, 0),
	(1090, 54, 16, 1.8, 4.2, 3.25, '2018-07-14 08:57:48', '2018-07-14 08:57:48', 0, 0),
	(1091, 4, 68, 2.61, 5.5, 1.87, '2018-07-14 08:58:15', '2018-07-14 08:58:15', 0, 0),
	(1092, 9, 45, 1.02, 55, 17.5, '2018-07-14 08:58:15', '2018-07-14 08:58:15', 2, 0),
	(1093, 14, 70, 1.01, 110, 32, '2018-07-14 08:58:15', '2018-07-14 08:58:15', 2, 0),
	(1094, 56, 10, 1.94, 3.95, 2.9, '2018-07-14 08:58:16', '2018-07-14 08:58:16', 0, 0),
	(1095, 19, 45, 20, 1.1, 8.4, '2018-07-14 08:58:16', '2018-07-14 08:58:16', 0, 2),
	(1096, 27, 45, 9, 1.35, 4, '2018-07-14 08:58:16', '2018-07-14 08:58:16', 0, 1),
	(1097, 23, 45, 2.05, 3.5, 2.96, '2018-07-14 08:58:16', '2018-07-14 08:58:16', 1, 1),
	(1098, 37, 72, 2.85, 5.9, 1.72, '2018-07-14 08:58:16', '2018-07-14 08:58:16', 0, 0),
	(1099, 34, 45, 1.02, 80, 21, '2018-07-14 08:58:16', '2018-07-14 08:58:16', 2, 0),
	(1100, 28, 45, 1.92, 4.55, 2.68, '2018-07-14 08:58:16', '2018-07-14 08:58:16', 0, 0),
	(1101, 29, 45, 12.5, 1.28, 4.1, '2018-07-14 08:58:16', '2018-07-14 08:58:16', 0, 1),
	(1102, 39, 67, 3.15, 4.05, 1.82, '2018-07-14 08:58:16', '2018-07-14 08:58:16', 0, 0),
	(1103, 31, 45, 1.43, 6.6, 3.85, '2018-07-14 08:58:17', '2018-07-14 08:58:17', 1, 0),
	(1104, 32, 45, 1.14, 19, 6, '2018-07-14 08:58:17', '2018-07-14 08:58:17', 1, 0),
	(1105, 44, 45, 1.81, 3.8, 3.4, '2018-07-14 08:58:17', '2018-07-14 08:58:17', 1, 0),
	(1106, 33, 45, 2.78, 2.78, 2.54, '2018-07-14 08:58:17', '2018-07-14 08:58:17', 0, 0),
	(1107, 41, 46, 4.8, 1.72, 3.25, '2018-07-14 08:58:17', '2018-07-14 08:58:17', 0, 1),
	(1108, 47, 25, 1.15, 13.5, 6.8, '2018-07-14 08:58:17', '2018-07-14 08:58:17', 1, 0),
	(1109, 45, 45, 1.81, 4.85, 2.83, '2018-07-14 08:58:17', '2018-07-14 08:58:17', 0, 0),
	(1110, 55, 25, 2.74, 2.45, 2.92, '2018-07-14 08:58:17', '2018-07-14 08:58:17', 0, 0),
	(1111, 46, 45, 5.4, 1.52, 3.75, '2018-07-14 08:58:17', '2018-07-14 08:58:17', 0, 1),
	(1112, 49, 45, 2.4, 3.65, 2.45, '2018-07-14 08:58:18', '2018-07-14 08:58:18', 0, 0),
	(1113, 53, 41, 2.83, 3.3, 2.19, '2018-07-14 08:58:18', '2018-07-14 08:58:18', 0, 0),
	(1114, 52, 43, 7.2, 1.48, 3.5, '2018-07-14 08:58:18', '2018-07-14 08:58:18', 0, 1),
	(1115, 51, 45, 2.31, 3.7, 2.44, '2018-07-14 08:58:18', '2018-07-14 08:58:18', 0, 0),
	(1116, 54, 16, 1.8, 4.3, 3.2, '2018-07-14 08:58:18', '2018-07-14 08:58:18', 0, 0),
	(1117, 4, 68, 2.64, 5.6, 1.85, '2018-07-14 08:58:45', '2018-07-14 08:58:45', 0, 0),
	(1118, 9, 45, 1.02, 55, 17.5, '2018-07-14 08:58:45', '2018-07-14 08:58:45', 2, 0),
	(1119, 14, 70, 1.01, 110, 32, '2018-07-14 08:58:45', '2018-07-14 08:58:45', 2, 0),
	(1120, 56, 11, 1.94, 3.95, 2.89, '2018-07-14 08:58:46', '2018-07-14 08:58:46', 0, 0),
	(1121, 19, 45, 20, 1.1, 8.4, '2018-07-14 08:58:46', '2018-07-14 08:58:46', 0, 2),
	(1122, 27, 45, 9, 1.35, 4, '2018-07-14 08:58:46', '2018-07-14 08:58:46', 0, 1),
	(1123, 23, 45, 2.05, 3.5, 2.96, '2018-07-14 08:58:46', '2018-07-14 08:58:46', 1, 1),
	(1124, 37, 73, 2.9, 5.9, 1.7, '2018-07-14 08:58:46', '2018-07-14 08:58:46', 0, 0),
	(1125, 34, 45, 1.02, 80, 21, '2018-07-14 08:58:46', '2018-07-14 08:58:46', 2, 0),
	(1126, 28, 45, 1.92, 4.55, 2.68, '2018-07-14 08:58:46', '2018-07-14 08:58:46', 0, 0),
	(1127, 29, 45, 12.5, 1.28, 4.1, '2018-07-14 08:58:46', '2018-07-14 08:58:46', 0, 1),
	(1128, 39, 68, 3.2, 4.1, 1.8, '2018-07-14 08:58:46', '2018-07-14 08:58:46', 0, 0),
	(1129, 31, 45, 1.43, 6.6, 3.85, '2018-07-14 08:58:47', '2018-07-14 08:58:47', 1, 0),
	(1130, 32, 45, 1.14, 19, 6, '2018-07-14 08:58:47', '2018-07-14 08:58:47', 1, 0),
	(1131, 44, 45, 1.81, 3.8, 3.4, '2018-07-14 08:58:47', '2018-07-14 08:58:47', 1, 0),
	(1132, 33, 45, 2.78, 2.78, 2.54, '2018-07-14 08:58:47', '2018-07-14 08:58:47', 0, 0),
	(1133, 41, 47, 5, 1.68, 3.25, '2018-07-14 08:58:47', '2018-07-14 08:58:47', 0, 1),
	(1134, 47, 25, 1.15, 13.5, 6.6, '2018-07-14 08:58:47', '2018-07-14 08:58:47', 1, 0),
	(1135, 45, 45, 1.81, 4.85, 2.83, '2018-07-14 08:58:47', '2018-07-14 08:58:47', 0, 0),
	(1136, 55, 26, 2.74, 2.46, 2.91, '2018-07-14 08:58:47', '2018-07-14 08:58:47', 0, 0),
	(1137, 46, 45, 5.4, 1.52, 3.75, '2018-07-14 08:58:47', '2018-07-14 08:58:47', 0, 1),
	(1138, 49, 45, 2.4, 3.65, 2.45, '2018-07-14 08:58:47', '2018-07-14 08:58:47', 0, 0),
	(1139, 53, 42, 2.85, 3.35, 2.16, '2018-07-14 08:58:47', '2018-07-14 08:58:47', 0, 0),
	(1140, 52, 44, 7.2, 1.48, 3.55, '2018-07-14 08:58:48', '2018-07-14 08:58:48', 0, 1),
	(1141, 51, 45, 2.31, 3.7, 2.44, '2018-07-14 08:58:48', '2018-07-14 08:58:48', 0, 0),
	(1142, 54, 17, 1.8, 4.3, 3.2, '2018-07-14 08:58:48', '2018-07-14 08:58:48', 0, 0);
/*!40000 ALTER TABLE `partido_variable` ENABLE KEYS */;

-- Volcando estructura para tabla db_betsson.usuario
CREATE TABLE IF NOT EXISTS `usuario` (
  `idUsuario` int(11) NOT NULL AUTO_INCREMENT,
  `correo` varchar(250) COLLATE utf8_unicode_ci DEFAULT NULL,
  `clave` varchar(250) COLLATE utf8_unicode_ci DEFAULT NULL,
  `created_at` timestamp NULL DEFAULT NULL,
  `updated_at` timestamp NULL DEFAULT NULL,
  PRIMARY KEY (`idUsuario`)
) ENGINE=InnoDB DEFAULT CHARSET=utf8 COLLATE=utf8_unicode_ci;

-- Volcando datos para la tabla db_betsson.usuario: ~0 rows (aproximadamente)
/*!40000 ALTER TABLE `usuario` DISABLE KEYS */;
/*!40000 ALTER TABLE `usuario` ENABLE KEYS */;

/*!40101 SET SQL_MODE=IFNULL(@OLD_SQL_MODE, '') */;
/*!40014 SET FOREIGN_KEY_CHECKS=IF(@OLD_FOREIGN_KEY_CHECKS IS NULL, 1, @OLD_FOREIGN_KEY_CHECKS) */;
/*!40101 SET CHARACTER_SET_CLIENT=@OLD_CHARACTER_SET_CLIENT */;
